"STATION","DATE","LATITUDE","LONGITUDE","ELEVATION","NAME","PRCP","PRCP_ATTRIBUTES","SNOW","SNOW_ATTRIBUTES","SNWD","SNWD_ATTRIBUTES","DAPR","DAPR_ATTRIBUTES","MDPR","MDPR_ATTRIBUTES","WESD","WESD_ATTRIBUTES"
"US1WVKN0026","2016-05-01","38.349862","-81.751854","243.5","SOUTH CHARLESTON 2.5 W, WV US","  335",",,N",,,,,,,,,,
"US1WVKN0026","2016-05-02","38.349862","-81.751854","243.5","SOUTH CHARLESTON 2.5 W, WV US","   76",",,N",,,,,,,,,,
"US1WVKN0026","2016-05-03","38.349862","-81.751854","243.5","SOUTH CHARLESTON 2.5 W, WV US","   86",",,N",,,,,,,,,,
"US1WVKN0026","2016-05-04","38.349862","-81.751854","243.5","SOUTH CHARLESTON 2.5 W, WV US","   15",",,N",,,,,,,,,,
"US1WVKN0026","2016-05-05","38.349862","-81.751854","243.5","SOUTH CHARLESTON 2.5 W, WV US","   76",",,N",,,,,,,,,,
"US1WVKN0026","2016-05-08","38.349862","-81.751854","243.5","SOUTH CHARLESTON 2.5 W, WV US","   15",",,N",,,,,,,,,,
"US1WVKN0026","2016-05-09","38.349862","-81.751854","243.5","SOUTH CHARLESTON 2.5 W, WV US","    0",",,N","    0",",,N",,,,,,,,
"US1WVKN0026","2016-05-10","38.349862","-81.751854","243.5","SOUTH CHARLESTON 2.5 W, WV US","    0",",,N","    0",",,N",,,,,,,,
"US1WVKN0026","2016-05-11","38.349862","-81.751854","243.5","SOUTH CHARLESTON 2.5 W, WV US","  114",",,N",,,,,,,,,,
"US1WVKN0026","2016-05-12","38.349862","-81.751854","243.5","SOUTH CHARLESTON 2.5 W, WV US","    0",",,N","    0",",,N",,,,,,,,
"US1WVKN0026","2016-05-13","38.349862","-81.751854","243.5","SOUTH CHARLESTON 2.5 W, WV US","   36",",,N",,,,,,,,,,
"US1WVKN0026","2016-05-14","38.349862","-81.751854","243.5","SOUTH CHARLESTON 2.5 W, WV US","    0",",,N","    0",",,N",,,,,,,,
"US1WVKN0026","2016-05-15","38.349862","-81.751854","243.5","SOUTH CHARLESTON 2.5 W, WV US","   64",",,N",,,,,,,,,,
"US1WVKN0026","2016-05-17","38.349862","-81.751854","243.5","SOUTH CHARLESTON 2.5 W, WV US","   36",",,N",,,,,,,,,,
"US1WVKN0026","2016-05-18","38.349862","-81.751854","243.5","SOUTH CHARLESTON 2.5 W, WV US","   79",",,N",,,,,,,,,,
"US1WVKN0026","2016-05-19","38.349862","-81.751854","243.5","SOUTH CHARLESTON 2.5 W, WV US","   23",",,N",,,,,,,,,,
"US1WVKN0026","2016-05-20","38.349862","-81.751854","243.5","SOUTH CHARLESTON 2.5 W, WV US","    0",",,N","    0",",,N",,,,,,,,
"US1WVKN0026","2016-05-21","38.349862","-81.751854","243.5","SOUTH CHARLESTON 2.5 W, WV US","  168",",,N",,,,,,,,,,
"US1WVKN0026","2016-05-22","38.349862","-81.751854","243.5","SOUTH CHARLESTON 2.5 W, WV US","   74",",,N",,,,,,,,,,
"US1WVKN0026","2016-05-23","38.349862","-81.751854","243.5","SOUTH CHARLESTON 2.5 W, WV US","   10",",,N",,,,,,,,,,
"US1WVKN0026","2016-05-26","38.349862","-81.751854","243.5","SOUTH CHARLESTON 2.5 W, WV US","    0",",,N","    0",",,N",,,,,,,,
"US1WVKN0026","2016-05-29","38.349862","-81.751854","243.5","SOUTH CHARLESTON 2.5 W, WV US","    0",",,N","    0",",,N",,,,,,,,
"US1WVKN0026","2016-05-30","38.349862","-81.751854","243.5","SOUTH CHARLESTON 2.5 W, WV US","    0",",,N","    0",",,N",,,,,,,,
"US1WVKN0026","2016-05-31","38.349862","-81.751854","243.5","SOUTH CHARLESTON 2.5 W, WV US","    0",",,N","    0",",,N",,,,,,,,
"US1WVKN0026","2016-06-01","38.349862","-81.751854","243.5","SOUTH CHARLESTON 2.5 W, WV US","    0",",,N","    0",",,N",,,,,,,,
"US1WVKN0026","2016-06-02","38.349862","-81.751854","243.5","SOUTH CHARLESTON 2.5 W, WV US","   28",",,N",,,,,,,,,,
"US1WVKN0026","2016-06-03","38.349862","-81.751854","243.5","SOUTH CHARLESTON 2.5 W, WV US","   36",",,N",,,,,,,,,,
"US1WVKN0026","2016-06-04","38.349862","-81.751854","243.5","SOUTH CHARLESTON 2.5 W, WV US","    0",",,N","    0",",,N",,,,,,,,
"US1WVKN0026","2016-06-05","38.349862","-81.751854","243.5","SOUTH CHARLESTON 2.5 W, WV US","  549",",,N",,,,,,,,,,
"US1WVKN0026","2016-06-06","38.349862","-81.751854","243.5","SOUTH CHARLESTON 2.5 W, WV US","  112",",,N",,,,,,,,,,
"US1WVKN0026","2016-06-07","38.349862","-81.751854","243.5","SOUTH CHARLESTON 2.5 W, WV US","    3",",,N",,,,,,,,,,
"US1WVKN0026","2016-06-08","38.349862","-81.751854","243.5","SOUTH CHARLESTON 2.5 W, WV US","    0",",,N","    0",",,N",,,,,,,,
"US1WVKN0026","2016-06-10","38.349862","-81.751854","243.5","SOUTH CHARLESTON 2.5 W, WV US","    0",",,N","    0",",,N",,,,,,,,
"US1WVKN0026","2016-06-13","38.349862","-81.751854","243.5","SOUTH CHARLESTON 2.5 W, WV US","    0",",,N","    0",",,N",,,,,,,,
"US1WVKN0026","2016-06-14","38.349862","-81.751854","243.5","SOUTH CHARLESTON 2.5 W, WV US","    0",",,N","    0",",,N",,,,,,,,
"US1WVKN0026","2016-06-15","38.349862","-81.751854","243.5","SOUTH CHARLESTON 2.5 W, WV US","   13",",,N",,,,,,,,,,
"US1WVKN0026","2016-06-16","38.349862","-81.751854","243.5","SOUTH CHARLESTON 2.5 W, WV US","  251",",,N",,,,,,,,,,
"US1WVKN0026","2016-06-17","38.349862","-81.751854","243.5","SOUTH CHARLESTON 2.5 W, WV US","   10",",,N",,,,,,,,,,
"US1WVKN0026","2016-06-20","38.349862","-81.751854","243.5","SOUTH CHARLESTON 2.5 W, WV US","    0",",,N","    0",",,N",,,,,,,,
"US1WVKN0026","2016-06-21","38.349862","-81.751854","243.5","SOUTH CHARLESTON 2.5 W, WV US","    0",",,N","    0",",,N",,,,,,,,
"US1WVKN0026","2016-06-22","38.349862","-81.751854","243.5","SOUTH CHARLESTON 2.5 W, WV US","  267",",,N",,,,,,,,,,
"US1WVKN0026","2016-06-23","38.349862","-81.751854","243.5","SOUTH CHARLESTON 2.5 W, WV US","  267",",,N",,,,,,,,,,
"US1WVKN0026","2016-06-24","38.349862","-81.751854","243.5","SOUTH CHARLESTON 2.5 W, WV US","  559",",,N",,,,,,,,,,
"US1WVKN0026","2016-06-25","38.349862","-81.751854","243.5","SOUTH CHARLESTON 2.5 W, WV US","    0",",,N","    0",",,N",,,,,,,,
"US1WVKN0026","2016-06-27","38.349862","-81.751854","243.5","SOUTH CHARLESTON 2.5 W, WV US","    0",",,N","    0",",,N",,,,,,,,
"US1WVKN0026","2016-06-28","38.349862","-81.751854","243.5","SOUTH CHARLESTON 2.5 W, WV US","   18",",,N",,,,,,,,,,
"US1WVKN0026","2016-06-29","38.349862","-81.751854","243.5","SOUTH CHARLESTON 2.5 W, WV US","    0",",,N","    0",",,N",,,,,,,,
"US1WVKN0026","2016-07-01","38.349862","-81.751854","243.5","SOUTH CHARLESTON 2.5 W, WV US","    0",",,N","    0",",,N",,,,,,,,
"US1WVKN0026","2016-07-02","38.349862","-81.751854","243.5","SOUTH CHARLESTON 2.5 W, WV US","   15",",,N",,,,,,,,,,
"US1WVKN0026","2016-07-04","38.349862","-81.751854","243.5","SOUTH CHARLESTON 2.5 W, WV US","   38",",,N",,,,,,,,,,
"US1WVKN0026","2016-07-05","38.349862","-81.751854","243.5","SOUTH CHARLESTON 2.5 W, WV US","  307",",,N",,,,,,,,,,
"US1WVKN0026","2016-07-06","38.349862","-81.751854","243.5","SOUTH CHARLESTON 2.5 W, WV US","   13",",,N",,,,,,,,,,
"US1WVKN0026","2016-07-07","38.349862","-81.751854","243.5","SOUTH CHARLESTON 2.5 W, WV US","   61",",,N",,,,,,,,,,
"US1WVKN0026","2016-07-08","38.349862","-81.751854","243.5","SOUTH CHARLESTON 2.5 W, WV US","    5",",,N",,,,,,,,,,
"US1WVKN0026","2016-07-09","38.349862","-81.751854","243.5","SOUTH CHARLESTON 2.5 W, WV US","   23",",,N",,,,,,,,,,
"US1WVKN0026","2016-07-12","38.349862","-81.751854","243.5","SOUTH CHARLESTON 2.5 W, WV US","    0",",,N","    0",",,N",,,,,,,,
"US1WVKN0026","2016-07-13","38.349862","-81.751854","243.5","SOUTH CHARLESTON 2.5 W, WV US","  142",",,N",,,,,,,,,,
"US1WVKN0026","2016-07-14","38.349862","-81.751854","243.5","SOUTH CHARLESTON 2.5 W, WV US","   84",",,N",,,,,,,,,,
"US1WVKN0026","2016-07-15","38.349862","-81.751854","243.5","SOUTH CHARLESTON 2.5 W, WV US","   64",",,N",,,,,,,,,,
"US1WVKN0026","2016-07-16","38.349862","-81.751854","243.5","SOUTH CHARLESTON 2.5 W, WV US","    8",",,N",,,,,,,,,,
"US1WVKN0026","2016-07-17","38.349862","-81.751854","243.5","SOUTH CHARLESTON 2.5 W, WV US","    0",",,N","    0",",,N",,,,,,,,
"US1WVKN0026","2016-07-18","38.349862","-81.751854","243.5","SOUTH CHARLESTON 2.5 W, WV US","    0",",,N","    0",",,N",,,,,,,,
"US1WVKN0026","2016-07-19","38.349862","-81.751854","243.5","SOUTH CHARLESTON 2.5 W, WV US","    0",",,N","    0",",,N",,,,,,,,
"US1WVKN0026","2016-07-21","38.349862","-81.751854","243.5","SOUTH CHARLESTON 2.5 W, WV US","    0",",,N","    0",",,N",,,,,,,,
"US1WVKN0026","2016-07-22","38.349862","-81.751854","243.5","SOUTH CHARLESTON 2.5 W, WV US","    0",",,N","    0",",,N",,,,,,,,
"US1WVKN0026","2016-07-23","38.349862","-81.751854","243.5","SOUTH CHARLESTON 2.5 W, WV US","    0",",,N","    0",",,N",,,,,,,,
"US1WVKN0026","2016-07-24","38.349862","-81.751854","243.5","SOUTH CHARLESTON 2.5 W, WV US","    0",",,N","    0",",,N",,,,,,,,
"US1WVKN0026","2016-07-25","38.349862","-81.751854","243.5","SOUTH CHARLESTON 2.5 W, WV US","    0",",,N","    0",",,N",,,,,,,,
"US1WVKN0026","2016-07-26","38.349862","-81.751854","243.5","SOUTH CHARLESTON 2.5 W, WV US","    0",",,N","    0",",,N",,,,,,,,
"US1WVKN0026","2016-07-27","38.349862","-81.751854","243.5","SOUTH CHARLESTON 2.5 W, WV US","  218",",,N",,,,,,,,,,
"US1WVKN0026","2016-07-28","38.349862","-81.751854","243.5","SOUTH CHARLESTON 2.5 W, WV US","    8",",,N",,,,,,,,,,
"US1WVKN0026","2016-07-29","38.349862","-81.751854","243.5","SOUTH CHARLESTON 2.5 W, WV US","  246",",,N",,,,,,,,,,
"US1WVKN0026","2016-07-30","38.349862","-81.751854","243.5","SOUTH CHARLESTON 2.5 W, WV US","   38",",,N",,,,,,,,,,
"US1WVKN0026","2016-07-31","38.349862","-81.751854","243.5","SOUTH CHARLESTON 2.5 W, WV US","    3",",,N",,,,,,,,,,
"US1WVKN0026","2016-08-01","38.349862","-81.751854","243.5","SOUTH CHARLESTON 2.5 W, WV US","    0",",,N","    0",",,N",,,,,,,,
"US1WVKN0026","2016-08-03","38.349862","-81.751854","243.5","SOUTH CHARLESTON 2.5 W, WV US","   13",",,N",,,,,,,,,,
"US1WVKN0026","2016-08-04","38.349862","-81.751854","243.5","SOUTH CHARLESTON 2.5 W, WV US","    0",",,N","    0",",,N",,,,,,,,
"US1WVKN0026","2016-08-05","38.349862","-81.751854","243.5","SOUTH CHARLESTON 2.5 W, WV US","    0",",,N","    0",",,N",,,,,,,,
"US1WVKN0026","2016-08-06","38.349862","-81.751854","243.5","SOUTH CHARLESTON 2.5 W, WV US","   13",",,N",,,,,,,,,,
"US1WVKN0026","2016-08-08","38.349862","-81.751854","243.5","SOUTH CHARLESTON 2.5 W, WV US","    0",",,N","    0",",,N",,,,,,,,
"US1WVKN0026","2016-08-09","38.349862","-81.751854","243.5","SOUTH CHARLESTON 2.5 W, WV US","   53",",,N",,,,,,,,,,
"US1WVKN0026","2016-08-10","38.349862","-81.751854","243.5","SOUTH CHARLESTON 2.5 W, WV US","    0",",,N","    0",",,N",,,,,,,,
"US1WVKN0026","2016-08-11","38.349862","-81.751854","243.5","SOUTH CHARLESTON 2.5 W, WV US","    0",",,N","    0",",,N",,,,,,,,
"US1WVKN0026","2016-08-12","38.349862","-81.751854","243.5","SOUTH CHARLESTON 2.5 W, WV US","   33",",,N",,,,,,,,,,
"US1WVKN0026","2016-08-13","38.349862","-81.751854","243.5","SOUTH CHARLESTON 2.5 W, WV US","    0",",,N","    0",",,N",,,,,,,,
"US1WVKN0026","2016-08-14","38.349862","-81.751854","243.5","SOUTH CHARLESTON 2.5 W, WV US","    0",",,N","    0",",,N",,,,,,,,
"US1WVKN0026","2016-08-16","38.349862","-81.751854","243.5","SOUTH CHARLESTON 2.5 W, WV US","  163",",,N",,,,,,,,,,
"US1WVKN0026","2016-08-17","38.349862","-81.751854","243.5","SOUTH CHARLESTON 2.5 W, WV US","   20",",,N",,,,,,,,,,
"US1WVKN0026","2016-08-18","38.349862","-81.751854","243.5","SOUTH CHARLESTON 2.5 W, WV US","  218",",,N",,,,,,,,,,
"US1WVKN0026","2016-08-23","38.349862","-81.751854","243.5","SOUTH CHARLESTON 2.5 W, WV US","    0",",,N","    0",",,N",,,,,,,,
"US1WVKN0026","2016-08-24","38.349862","-81.751854","243.5","SOUTH CHARLESTON 2.5 W, WV US","    0",",,N","    0",",,N",,,,,,,,
"US1WVKN0026","2016-08-27","38.349862","-81.751854","243.5","SOUTH CHARLESTON 2.5 W, WV US","    0",",,N","    0",",,N",,,,,,,,
"US1WVKN0026","2016-08-28","38.349862","-81.751854","243.5","SOUTH CHARLESTON 2.5 W, WV US","    0",",,N","    0",",,N",,,,,,,,
"US1WVKN0026","2016-09-01","38.349862","-81.751854","243.5","SOUTH CHARLESTON 2.5 W, WV US","   15",",,N",,,,,,,,,,
"US1WVKN0026","2016-09-02","38.349862","-81.751854","243.5","SOUTH CHARLESTON 2.5 W, WV US","    0",",,N","    0",",,N",,,,,,,,
"US1WVKN0026","2016-09-04","38.349862","-81.751854","243.5","SOUTH CHARLESTON 2.5 W, WV US","    0",",,N","    0",",,N",,,,,,,,
"US1WVKN0026","2016-09-06","38.349862","-81.751854","243.5","SOUTH CHARLESTON 2.5 W, WV US","    0",",,N","    0",",,N",,,,,,,,
"US1WVKN0026","2016-09-07","38.349862","-81.751854","243.5","SOUTH CHARLESTON 2.5 W, WV US","    0",",,N","    0",",,N",,,,,,,,
"US1WVKN0026","2016-09-10","38.349862","-81.751854","243.5","SOUTH CHARLESTON 2.5 W, WV US","    0",",,N","    0",",,N",,,,,,,,
"US1WVKN0026","2016-09-11","38.349862","-81.751854","243.5","SOUTH CHARLESTON 2.5 W, WV US","   43",",,N",,,,,,,,,,
"US1WVKN0026","2016-09-13","38.349862","-81.751854","243.5","SOUTH CHARLESTON 2.5 W, WV US","    0",",,N","    0",",,N",,,,,,,,
"US1WVKN0026","2016-09-15","38.349862","-81.751854","243.5","SOUTH CHARLESTON 2.5 W, WV US","    0",",,N","    0",",,N",,,,,,,,
"US1WVKN0026","2016-09-19","38.349862","-81.751854","243.5","SOUTH CHARLESTON 2.5 W, WV US","   94",",,N",,,,,,,,,,
"US1WVKN0026","2016-09-20","38.349862","-81.751854","243.5","SOUTH CHARLESTON 2.5 W, WV US","    0","T,,N",,,,,,,,,,
"US1WVKN0026","2016-09-26","38.349862","-81.751854","243.5","SOUTH CHARLESTON 2.5 W, WV US","    0",",,N","    0",",,N",,,,,,,,
"US1WVKN0026","2016-09-27","38.349862","-81.751854","243.5","SOUTH CHARLESTON 2.5 W, WV US","   53",",,N",,,,,,,,,,
"US1WVKN0026","2016-09-28","38.349862","-81.751854","243.5","SOUTH CHARLESTON 2.5 W, WV US","    0",",,N","    0",",,N",,,,,,,,
"US1WVKN0026","2016-09-29","38.349862","-81.751854","243.5","SOUTH CHARLESTON 2.5 W, WV US","    8",",,N",,,,,,,,,,
"US1WVKN0026","2016-09-30","38.349862","-81.751854","243.5","SOUTH CHARLESTON 2.5 W, WV US","   97",",,N",,,,,,,,,,
"US1WVKN0026","2016-10-06","38.349862","-81.751854","243.5","SOUTH CHARLESTON 2.5 W, WV US","    0",",,N","    0",",,N",,,,,,,,
"US1WVKN0026","2016-10-08","38.349862","-81.751854","243.5","SOUTH CHARLESTON 2.5 W, WV US","  198",",,N",,,,,,,,,,
"US1WVKN0026","2016-10-09","38.349862","-81.751854","243.5","SOUTH CHARLESTON 2.5 W, WV US","   15",",,N",,,,,,,,,,
"US1WVKN0026","2016-10-12","38.349862","-81.751854","243.5","SOUTH CHARLESTON 2.5 W, WV US","    0",",,N","    0",",,N",,,,,,,,
"US1WVKN0026","2016-10-14","38.349862","-81.751854","243.5","SOUTH CHARLESTON 2.5 W, WV US","   23",",,N",,,,,,,,,,
"US1WVKN0026","2016-10-15","38.349862","-81.751854","243.5","SOUTH CHARLESTON 2.5 W, WV US","    0",",,N","    0",",,N",,,,,,,,
"US1WVKN0026","2016-10-26","38.349862","-81.751854","243.5","SOUTH CHARLESTON 2.5 W, WV US","    0",",,N","    0",",,N",,,,,,,,
"US1WVKN0026","2016-10-27","38.349862","-81.751854","243.5","SOUTH CHARLESTON 2.5 W, WV US","    0",",,N","    0",",,N",,,,,,,,
"US1WVKN0026","2016-10-28","38.349862","-81.751854","243.5","SOUTH CHARLESTON 2.5 W, WV US","   13",",,N",,,,,,,,,,
"US1WVKN0026","2016-10-31","38.349862","-81.751854","243.5","SOUTH CHARLESTON 2.5 W, WV US","   41",",,N",,,,,,,,,,
"US1WVKN0026","2016-11-01","38.349862","-81.751854","243.5","SOUTH CHARLESTON 2.5 W, WV US","   13",",,N",,,,,,,,,,
"US1WVKN0026","2016-11-02","38.349862","-81.751854","243.5","SOUTH CHARLESTON 2.5 W, WV US","    0",",,N","    0",",,N",,,,,,,,
"US1WVKN0026","2016-11-03","38.349862","-81.751854","243.5","SOUTH CHARLESTON 2.5 W, WV US","    0",",,N","    0",",,N",,,,,,,,
"US1WVKN0026","2016-11-04","38.349862","-81.751854","243.5","SOUTH CHARLESTON 2.5 W, WV US","  104",",,N",,,,,,,,,,
"US1WVKN0026","2016-11-07","38.349862","-81.751854","243.5","SOUTH CHARLESTON 2.5 W, WV US","    0",",,N","    0",",,N",,,,,,,,
"US1WVKN0026","2016-11-09","38.349862","-81.751854","243.5","SOUTH CHARLESTON 2.5 W, WV US","  119",",,N",,,,,,,,,,
"US1WVKN0026","2016-11-10","38.349862","-81.751854","243.5","SOUTH CHARLESTON 2.5 W, WV US","    5",",,N",,,,,,,,,,
"US1WVKN0026","2016-11-17","38.349862","-81.751854","243.5","SOUTH CHARLESTON 2.5 W, WV US","    0",",,N","    0",",,N",,,,,,,,
"US1WVKN0026","2016-11-19","38.349862","-81.751854","243.5","SOUTH CHARLESTON 2.5 W, WV US","    0",",,N","    0",",,N",,,,,,,,
"US1WVKN0026","2016-11-20","38.349862","-81.751854","243.5","SOUTH CHARLESTON 2.5 W, WV US","   69",",,N",,,,,,,,,,
"US1WVKN0026","2016-11-26","38.349862","-81.751854","243.5","SOUTH CHARLESTON 2.5 W, WV US","    8",",,N",,,,,,,,,,
"US1WVKN0026","2016-11-29","38.349862","-81.751854","243.5","SOUTH CHARLESTON 2.5 W, WV US","  102",",,N",,,,,,,,,,
"US1WVKN0026","2016-11-30","38.349862","-81.751854","243.5","SOUTH CHARLESTON 2.5 W, WV US","   86",",,N",,,,,,,,,,
"US1WVKN0026","2016-12-01","38.349862","-81.751854","243.5","SOUTH CHARLESTON 2.5 W, WV US","  226",",,N",,,,,,,,,,
"US1WVKN0026","2016-12-05","38.349862","-81.751854","243.5","SOUTH CHARLESTON 2.5 W, WV US","   20",",,N",,,,,,,,,,
"US1WVKN0026","2016-12-06","38.349862","-81.751854","243.5","SOUTH CHARLESTON 2.5 W, WV US","   13",",,N",,,,,,,,,,
"US1WVKN0026","2016-12-07","38.349862","-81.751854","243.5","SOUTH CHARLESTON 2.5 W, WV US","   74",",,N",,,,,,,,,,
"US1WVKN0026","2016-12-08","38.349862","-81.751854","243.5","SOUTH CHARLESTON 2.5 W, WV US","    3",",,N",,,,,,,,,,
"US1WVKN0026","2016-12-09","38.349862","-81.751854","243.5","SOUTH CHARLESTON 2.5 W, WV US","    0",",,N","    0",",,N",,,,,,,,
"US1WVKN0026","2016-12-12","38.349862","-81.751854","243.5","SOUTH CHARLESTON 2.5 W, WV US","  168",",,N",,,,,,,,,,
"US1WVKN0026","2016-12-18","38.349862","-81.751854","243.5","SOUTH CHARLESTON 2.5 W, WV US","  257",",,N",,,,,,,,,,
"US1WVKN0026","2016-12-19","38.349862","-81.751854","243.5","SOUTH CHARLESTON 2.5 W, WV US","   69",",,N",,,,,,,,,,
"US1WVKN0026","2016-12-24","38.349862","-81.751854","243.5","SOUTH CHARLESTON 2.5 W, WV US","  112",",,N",,,,,,,,,,
"US1WVKN0026","2016-12-25","38.349862","-81.751854","243.5","SOUTH CHARLESTON 2.5 W, WV US","   10",",,N",,,,,,,,,,
"US1WVKN0026","2016-12-27","38.349862","-81.751854","243.5","SOUTH CHARLESTON 2.5 W, WV US","  122",",,N",,,,,,,,,,
"US1WVKN0026","2016-12-29","38.349862","-81.751854","243.5","SOUTH CHARLESTON 2.5 W, WV US","   89",",,N",,,,,,,,,,
"US1WVKN0026","2017-01-01","38.349862","-81.751854","243.5","SOUTH CHARLESTON 2.5 W, WV US","   36",",,N",,,,,,,,,,
"US1WVKN0026","2017-01-02","38.349862","-81.751854","243.5","SOUTH CHARLESTON 2.5 W, WV US","   56",",,N",,,,,,,,,,
"US1WVKN0026","2017-01-03","38.349862","-81.751854","243.5","SOUTH CHARLESTON 2.5 W, WV US","   86",",,N",,,,,,,,,,
"US1WVKN0026","2017-01-04","38.349862","-81.751854","243.5","SOUTH CHARLESTON 2.5 W, WV US","   58",",,N",,,,,,,,,,
"US1WVKN0026","2017-01-05","38.349862","-81.751854","243.5","SOUTH CHARLESTON 2.5 W, WV US","    8",",,N",,,,,,,,,,
"US1WVKN0026","2017-01-06","38.349862","-81.751854","243.5","SOUTH CHARLESTON 2.5 W, WV US","    0",",,N","    0",",,N","   81",",,N",,,,,,
"US1WVKN0026","2017-01-11","38.349862","-81.751854","243.5","SOUTH CHARLESTON 2.5 W, WV US","   13",",,N",,,,,,,,,,
"US1WVKN0026","2017-01-12","38.349862","-81.751854","243.5","SOUTH CHARLESTON 2.5 W, WV US","   43",",,N",,,,,,,,,,
"US1WVKN0026","2017-01-13","38.349862","-81.751854","243.5","SOUTH CHARLESTON 2.5 W, WV US","   69",",,N",,,,,,,,,,
"US1WVKN0026","2017-01-14","38.349862","-81.751854","243.5","SOUTH CHARLESTON 2.5 W, WV US","   41",",,N",,,,,,,,,,
"US1WVKN0026","2017-01-15","38.349862","-81.751854","243.5","SOUTH CHARLESTON 2.5 W, WV US","  193",",,N",,,,,,,,,,
"US1WVKN0026","2017-01-16","38.349862","-81.751854","243.5","SOUTH CHARLESTON 2.5 W, WV US","   74",",,N",,,,,,,,,,
"US1WVKN0026","2017-01-17","38.349862","-81.751854","243.5","SOUTH CHARLESTON 2.5 W, WV US","   91",",,N",,,,,,,,,,
"US1WVKN0026","2017-01-18","38.349862","-81.751854","243.5","SOUTH CHARLESTON 2.5 W, WV US","   13",",,N",,,,,,,,,,
"US1WVKN0026","2017-01-19","38.349862","-81.751854","243.5","SOUTH CHARLESTON 2.5 W, WV US","    3",",,N",,,,,,,,,,
"US1WVKN0026","2017-01-20","38.349862","-81.751854","243.5","SOUTH CHARLESTON 2.5 W, WV US","   53",",,N",,,,,,,,,,
"US1WVKN0026","2017-01-22","38.349862","-81.751854","243.5","SOUTH CHARLESTON 2.5 W, WV US","    3",",,N",,,,,,,,,,
"US1WVKN0026","2017-01-23","38.349862","-81.751854","243.5","SOUTH CHARLESTON 2.5 W, WV US","   30",",,N",,,,,,,,,,
"US1WVKN0026","2017-01-24","38.349862","-81.751854","243.5","SOUTH CHARLESTON 2.5 W, WV US","  193",",,N",,,,,,,,,,
"US1WVKN0026","2017-01-25","38.349862","-81.751854","243.5","SOUTH CHARLESTON 2.5 W, WV US","   13",",,N",,,,,,,,,,
"US1WVKN0026","2017-01-26","38.349862","-81.751854","243.5","SOUTH CHARLESTON 2.5 W, WV US","   13",",,N",,,,,,,,,,
"US1WVKN0026","2017-02-07","38.349862","-81.751854","243.5","SOUTH CHARLESTON 2.5 W, WV US","   10",",,N",,,,,,,,,,
"US1WVKN0026","2017-02-08","38.349862","-81.751854","243.5","SOUTH CHARLESTON 2.5 W, WV US","   18",",,N",,,,,,,,,,
"US1WVKN0026","2017-02-09","38.349862","-81.751854","243.5","SOUTH CHARLESTON 2.5 W, WV US","  178",",,N",,,,,,,,,,
"US1WVKN0026","2017-02-12","38.349862","-81.751854","243.5","SOUTH CHARLESTON 2.5 W, WV US","    5",",,N",,,,,,,,,,
"US1WVKN0026","2017-02-19","38.349862","-81.751854","243.5","SOUTH CHARLESTON 2.5 W, WV US","   71",",,N",,,,,,,,,,
"US1WVKN0026","2017-02-22","38.349862","-81.751854","243.5","SOUTH CHARLESTON 2.5 W, WV US","   38",",,N",,,,,,,,,,
"US1WVKN0026","2017-02-23","38.349862","-81.751854","243.5","SOUTH CHARLESTON 2.5 W, WV US","   51",",,N",,,,,,,,,,
"US1WVKN0026","2017-02-25","38.349862","-81.751854","243.5","SOUTH CHARLESTON 2.5 W, WV US","  107",",,N",,,,,,,,,,
"US1WVKN0026","2017-02-28","38.349862","-81.751854","243.5","SOUTH CHARLESTON 2.5 W, WV US","    3",",,N",,,,,,,,,,
"US1WVKN0026","2017-03-01","38.349862","-81.751854","243.5","SOUTH CHARLESTON 2.5 W, WV US","  196",",,N",,,,,,,,,,
"US1WVKN0026","2017-03-02","38.349862","-81.751854","243.5","SOUTH CHARLESTON 2.5 W, WV US","  117",",,N",,,,,,,,,,
"US1WVKN0026","2017-03-07","38.349862","-81.751854","243.5","SOUTH CHARLESTON 2.5 W, WV US","   10",",,N",,,,,,,,,,
"US1WVKN0026","2017-03-08","38.349862","-81.751854","243.5","SOUTH CHARLESTON 2.5 W, WV US","  178",",,N",,,,,,,,,,
"US1WVKN0026","2017-03-09","38.349862","-81.751854","243.5","SOUTH CHARLESTON 2.5 W, WV US","    3",",,N",,,,,,,,,,
"US1WVKN0026","2017-03-10","38.349862","-81.751854","243.5","SOUTH CHARLESTON 2.5 W, WV US","   20",",,N",,,,,,,,,,
"US1WVKN0026","2017-03-28","38.349862","-81.751854","243.5","SOUTH CHARLESTON 2.5 W, WV US","  147",",,N",,,,,,,,,,
"US1WVKN0026","2017-03-30","38.349862","-81.751854","243.5","SOUTH CHARLESTON 2.5 W, WV US","    3",",,N",,,,,,,,,,
"US1WVKN0026","2017-03-31","38.349862","-81.751854","243.5","SOUTH CHARLESTON 2.5 W, WV US","  152",",,N",,,,,,,,,,
"US1WVKN0026","2017-04-01","38.349862","-81.751854","243.5","SOUTH CHARLESTON 2.5 W, WV US","  168",",,N",,,,,,,,,,
"US1WVKN0026","2017-04-04","38.349862","-81.751854","243.5","SOUTH CHARLESTON 2.5 W, WV US","   86",",,N",,,,,,,,,,
"US1WVKN0026","2017-04-06","38.349862","-81.751854","243.5","SOUTH CHARLESTON 2.5 W, WV US","   15",",,N",,,,,,,,,,
"US1WVKN0026","2017-04-07","38.349862","-81.751854","243.5","SOUTH CHARLESTON 2.5 W, WV US","   64",",,N",,,,,,,,,,
"US1WVKN0026","2017-04-08","38.349862","-81.751854","243.5","SOUTH CHARLESTON 2.5 W, WV US","   20",",,N",,,,,,,,,,
"US1WVKN0026","2017-04-12","38.349862","-81.751854","243.5","SOUTH CHARLESTON 2.5 W, WV US","  142",",,N",,,,,,,,,,
"US1WVKN0026","2017-04-17","38.349862","-81.751854","243.5","SOUTH CHARLESTON 2.5 W, WV US","   46",",,N",,,,,,,,,,
"US1WVKN0026","2017-04-18","38.349862","-81.751854","243.5","SOUTH CHARLESTON 2.5 W, WV US","   28",",,N",,,,,,,,,,
"US1WVKN0026","2017-04-19","38.349862","-81.751854","243.5","SOUTH CHARLESTON 2.5 W, WV US","    5",",,N",,,,,,,,,,
"US1WVKN0026","2017-04-21","38.349862","-81.751854","243.5","SOUTH CHARLESTON 2.5 W, WV US","   15",",,N",,,,,,,,,,
"US1WVKN0026","2017-04-22","38.349862","-81.751854","243.5","SOUTH CHARLESTON 2.5 W, WV US","   23",",,N",,,,,,,,,,
"US1WVKN0026","2017-04-23","38.349862","-81.751854","243.5","SOUTH CHARLESTON 2.5 W, WV US","   79",",,N",,,,,,,,,,
"US1WVKN0026","2017-05-01","38.349862","-81.751854","243.5","SOUTH CHARLESTON 2.5 W, WV US","   38",",,N",,,,,,,,,,
"US1WVKN0026","2017-05-02","38.349862","-81.751854","243.5","SOUTH CHARLESTON 2.5 W, WV US","  211",",,N",,,,,,,,,,
"US1WVKN0026","2017-05-03","38.349862","-81.751854","243.5","SOUTH CHARLESTON 2.5 W, WV US","    0",",,N","    0",",,N",,,,,,,,
"US1WVKN0026","2017-05-05","38.349862","-81.751854","243.5","SOUTH CHARLESTON 2.5 W, WV US","  114",",,N",,,,,,,,,,
"US1WVKN0026","2017-05-06","38.349862","-81.751854","243.5","SOUTH CHARLESTON 2.5 W, WV US","   79",",,N",,,,,,,,,,
"US1WVKN0026","2017-05-07","38.349862","-81.751854","243.5","SOUTH CHARLESTON 2.5 W, WV US","  112",",,N",,,,,,,,,,
"US1WVKN0026","2017-05-09","38.349862","-81.751854","243.5","SOUTH CHARLESTON 2.5 W, WV US","   10",",,N",,,,,,,,,,
"US1WVKN0026","2017-05-10","38.349862","-81.751854","243.5","SOUTH CHARLESTON 2.5 W, WV US","  155",",,N",,,,,,,,,,
"US1WVKN0026","2017-05-11","38.349862","-81.751854","243.5","SOUTH CHARLESTON 2.5 W, WV US","   30",",,N",,,,,,,,,,
"US1WVKN0026","2017-05-12","38.349862","-81.751854","243.5","SOUTH CHARLESTON 2.5 W, WV US","   76",",,N",,,,,,,,,,
"US1WVKN0026","2017-05-13","38.349862","-81.751854","243.5","SOUTH CHARLESTON 2.5 W, WV US","  307",",,N",,,,,,,,,,
"US1WVKN0026","2017-05-14","38.349862","-81.751854","243.5","SOUTH CHARLESTON 2.5 W, WV US","    3",",,N",,,,,,,,,,
"US1WVKN0026","2017-05-20","38.349862","-81.751854","243.5","SOUTH CHARLESTON 2.5 W, WV US","  206",",,N",,,,,,,,,,
"US1WVKN0026","2017-05-22","38.349862","-81.751854","243.5","SOUTH CHARLESTON 2.5 W, WV US","   51",",,N",,,,,,,,,,
"US1WVKN0026","2017-05-24","38.349862","-81.751854","243.5","SOUTH CHARLESTON 2.5 W, WV US","  104",",,N",,,,,,,,,,
"US1WVKN0026","2017-05-25","38.349862","-81.751854","243.5","SOUTH CHARLESTON 2.5 W, WV US","  188",",,N",,,,,,,,,,
"US1WVKN0026","2017-05-26","38.349862","-81.751854","243.5","SOUTH CHARLESTON 2.5 W, WV US","   81",",,N",,,,,,,,,,
"US1WVKN0026","2017-05-29","38.349862","-81.751854","243.5","SOUTH CHARLESTON 2.5 W, WV US","    5",",,N",,,,,,,,,,
"US1WVKN0026","2017-06-01","38.349862","-81.751854","243.5","SOUTH CHARLESTON 2.5 W, WV US","   61",",,N",,,,,,,,,,
"US1WVKN0026","2017-06-05","38.349862","-81.751854","243.5","SOUTH CHARLESTON 2.5 W, WV US","   41",",,N",,,,,,,,,,
"US1WVKN0026","2017-06-06","38.349862","-81.751854","243.5","SOUTH CHARLESTON 2.5 W, WV US","  185",",,N",,,,,,,,,,
"US1WVKN0026","2017-06-14","38.349862","-81.751854","243.5","SOUTH CHARLESTON 2.5 W, WV US","    0",",,N","    0",",,N",,,,,,,,
"US1WVKN0026","2017-06-15","38.349862","-81.751854","243.5","SOUTH CHARLESTON 2.5 W, WV US","    0",",,N","    0",",,N",,,,,,,,
"US1WVKN0026","2017-06-16","38.349862","-81.751854","243.5","SOUTH CHARLESTON 2.5 W, WV US","    0",",,N","    0",",,N",,,,,,,,
"US1WVKN0026","2017-06-17","38.349862","-81.751854","243.5","SOUTH CHARLESTON 2.5 W, WV US","   99",",,N",,,,,,,,,,
"US1WVKN0026","2017-06-19","38.349862","-81.751854","243.5","SOUTH CHARLESTON 2.5 W, WV US","   76",",,N",,,,,,,,,,
"US1WVKN0026","2017-06-20","38.349862","-81.751854","243.5","SOUTH CHARLESTON 2.5 W, WV US","  168",",,N",,,,,,,,,,
"US1WVKN0026","2017-06-23","38.349862","-81.751854","243.5","SOUTH CHARLESTON 2.5 W, WV US","  104",",,N",,,,,,,,,,
"US1WVKN0026","2017-06-24","38.349862","-81.751854","243.5","SOUTH CHARLESTON 2.5 W, WV US","  490",",,N",,,,,,,,,,
"US1WVKN0026","2017-07-05","38.349862","-81.751854","243.5","SOUTH CHARLESTON 2.5 W, WV US","    5",",,N",,,,,,,,,,
"US1WVKN0026","2017-07-06","38.349862","-81.751854","243.5","SOUTH CHARLESTON 2.5 W, WV US","   10",",,N",,,,,,,,,,
"US1WVKN0026","2017-07-07","38.349862","-81.751854","243.5","SOUTH CHARLESTON 2.5 W, WV US","  257",",,N",,,,,,,,,,
"US1WVKN0026","2017-07-08","38.349862","-81.751854","243.5","SOUTH CHARLESTON 2.5 W, WV US","  188",",,N",,,,,,,,,,
"US1WVKN0026","2017-07-15","38.349862","-81.751854","243.5","SOUTH CHARLESTON 2.5 W, WV US","  142",",,N",,,,,,,,,,
"US1WVKN0026","2017-07-22","38.349862","-81.751854","243.5","SOUTH CHARLESTON 2.5 W, WV US","   69",",,N",,,,,,,,,,
"US1WVKN0026","2017-07-23","38.349862","-81.751854","243.5","SOUTH CHARLESTON 2.5 W, WV US","  109",",,N",,,,,,,,,,
"US1WVKN0026","2017-07-26","38.349862","-81.751854","243.5","SOUTH CHARLESTON 2.5 W, WV US","    0",",,N","    0",",,N",,,,,,,,
"US1WVKN0026","2017-07-27","38.349862","-81.751854","243.5","SOUTH CHARLESTON 2.5 W, WV US","    0",",,N","    0",",,N",,,,,,,,
"US1WVKN0026","2017-07-28","38.349862","-81.751854","243.5","SOUTH CHARLESTON 2.5 W, WV US","  191",",,N",,,,,,,,,,
"US1WVKN0026","2017-07-29","38.349862","-81.751854","243.5","SOUTH CHARLESTON 2.5 W, WV US","  178",",,N",,,,,,,,,,
"US1WVKN0026","2017-08-03","38.349862","-81.751854","243.5","SOUTH CHARLESTON 2.5 W, WV US","   10",",,N",,,,,,,,,,
"US1WVKN0026","2017-08-04","38.349862","-81.751854","243.5","SOUTH CHARLESTON 2.5 W, WV US","    5",",,N",,,,,,,,,,
"US1WVKN0026","2017-08-05","38.349862","-81.751854","243.5","SOUTH CHARLESTON 2.5 W, WV US","   10",",,N",,,,,,,,,,
"US1WVKN0026","2017-08-07","38.349862","-81.751854","243.5","SOUTH CHARLESTON 2.5 W, WV US","  160",",,N",,,,,,,,,,
"US1WVKN0026","2017-08-08","38.349862","-81.751854","243.5","SOUTH CHARLESTON 2.5 W, WV US","   41",",,N",,,,,,,,,,
"US1WVKN0026","2017-08-10","38.349862","-81.751854","243.5","SOUTH CHARLESTON 2.5 W, WV US","    8",",,N",,,,,,,,,,
"US1WVKN0026","2017-08-11","38.349862","-81.751854","243.5","SOUTH CHARLESTON 2.5 W, WV US","  178",",,N",,,,,,,,,,
"US1WVKN0026","2017-08-13","38.349862","-81.751854","243.5","SOUTH CHARLESTON 2.5 W, WV US","  130",",,N",,,,,,,,,,
"US1WVKN0026","2017-08-14","38.349862","-81.751854","243.5","SOUTH CHARLESTON 2.5 W, WV US","   13",",,N",,,,,,,,,,
"US1WVKN0026","2017-08-15","38.349862","-81.751854","243.5","SOUTH CHARLESTON 2.5 W, WV US","  124",",,N",,,,,,,,,,
"US1WVKN0026","2017-08-18","38.349862","-81.751854","243.5","SOUTH CHARLESTON 2.5 W, WV US","   10",",,N",,,,,,,,,,
"US1WVKN0026","2017-08-19","38.349862","-81.751854","243.5","SOUTH CHARLESTON 2.5 W, WV US","   25",",,N",,,,,,,,,,
"US1WVKN0026","2017-08-21","38.349862","-81.751854","243.5","SOUTH CHARLESTON 2.5 W, WV US","    0",",,N","    0",",,N",,,,,,,,
"US1WVKN0026","2017-08-23","38.349862","-81.751854","243.5","SOUTH CHARLESTON 2.5 W, WV US","   94",",,N",,,,,,,,,,
"US1WVKN0026","2017-08-26","38.349862","-81.751854","243.5","SOUTH CHARLESTON 2.5 W, WV US","    0",",,N","    0",",,N",,,,,,,,
"US1WVKN0026","2017-08-29","38.349862","-81.751854","243.5","SOUTH CHARLESTON 2.5 W, WV US","    8",",,N",,,,,,,,,,
"US1WVKN0026","2017-08-30","38.349862","-81.751854","243.5","SOUTH CHARLESTON 2.5 W, WV US","    0",",,N","    0",",,N",,,,,,,,
"US1WVKN0026","2017-09-02","38.349862","-81.751854","243.5","SOUTH CHARLESTON 2.5 W, WV US","  378",",,N",,,,,,,,,,
"US1WVKN0026","2017-09-03","38.349862","-81.751854","243.5","SOUTH CHARLESTON 2.5 W, WV US","   53",",,N",,,,,,,,,,
"US1WVKN0026","2017-09-05","38.349862","-81.751854","243.5","SOUTH CHARLESTON 2.5 W, WV US","    0",",,N","    0",",,N",,,,,,,,
"US1WVKN0026","2017-09-06","38.349862","-81.751854","243.5","SOUTH CHARLESTON 2.5 W, WV US","  137",",,N",,,,,,,,,,
"US1WVKN0026","2017-09-12","38.349862","-81.751854","243.5","SOUTH CHARLESTON 2.5 W, WV US","   41",",,N",,,,,,,,,,
"US1WVKN0026","2017-09-13","38.349862","-81.751854","243.5","SOUTH CHARLESTON 2.5 W, WV US","   38",",,N",,,,,,,,,,
"US1WVKN0026","2017-09-14","38.349862","-81.751854","243.5","SOUTH CHARLESTON 2.5 W, WV US","   25",",,N",,,,,,,,,,
"US1WVKN0026","2017-09-15","38.349862","-81.751854","243.5","SOUTH CHARLESTON 2.5 W, WV US","   13",",,N",,,,,,,,,,
"US1WVKN0026","2017-10-09","38.349862","-81.751854","243.5","SOUTH CHARLESTON 2.5 W, WV US","  381",",,N",,,,,,,,,,
"US1WVKN0026","2017-10-23","38.349862","-81.751854","243.5","SOUTH CHARLESTON 2.5 W, WV US","    0",",,N","    0",",,N",,,,,,,,
"US1WVKN0026","2017-10-24","38.349862","-81.751854","243.5","SOUTH CHARLESTON 2.5 W, WV US","  320",",,N",,,,,,,,,,
"US1WVKN0026","2017-10-25","38.349862","-81.751854","243.5","SOUTH CHARLESTON 2.5 W, WV US","   30",",,N",,,,,,,,,,
"US1WVKN0026","2017-10-30","38.349862","-81.751854","243.5","SOUTH CHARLESTON 2.5 W, WV US",,,,,,,"    2",",,N","  211",",,N",,
"US1WVKN0026","2017-11-01","38.349862","-81.751854","243.5","SOUTH CHARLESTON 2.5 W, WV US","    5",",,N",,,,,,,,,,
"US1WVKN0026","2017-11-02","38.349862","-81.751854","243.5","SOUTH CHARLESTON 2.5 W, WV US","   13",",,N",,,,,,,,,,
"US1WVKN0026","2017-11-03","38.349862","-81.751854","243.5","SOUTH CHARLESTON 2.5 W, WV US","    5",",,N",,,,,,,,,,
"US1WVKN0026","2017-11-06","38.349862","-81.751854","243.5","SOUTH CHARLESTON 2.5 W, WV US","   74",",,N",,,,,,,,,,
"US1WVKN0026","2017-11-08","38.349862","-81.751854","243.5","SOUTH CHARLESTON 2.5 W, WV US","  203",",,N",,,,,,,,,,
"US1WVKN0026","2017-11-13","38.349862","-81.751854","243.5","SOUTH CHARLESTON 2.5 W, WV US","   15",",,N",,,,,,,,,,
"US1WVKN0026","2017-11-19","38.349862","-81.751854","243.5","SOUTH CHARLESTON 2.5 W, WV US","  117",",,N",,,,,,,,,,
"US1WVKN0026","2017-11-22","38.349862","-81.751854","243.5","SOUTH CHARLESTON 2.5 W, WV US","   15",",,N",,,,,,,,,,
"US1WVKN0026","2017-12-01","38.349862","-81.751854","243.5","SOUTH CHARLESTON 2.5 W, WV US","   13",",,N",,,,,,,,,,
"US1WVKN0026","2017-12-06","38.349862","-81.751854","243.5","SOUTH CHARLESTON 2.5 W, WV US","  117",",,N",,,,,,,,,,
"US1WVKN0026","2017-12-23","38.349862","-81.751854","243.5","SOUTH CHARLESTON 2.5 W, WV US","  259",",,N",,,,,,,,,,
"US1WVKN0026","2017-12-24","38.349862","-81.751854","243.5","SOUTH CHARLESTON 2.5 W, WV US","  244",",,N",,,,,,,,,,
"US1WVKN0026","2017-12-25","38.349862","-81.751854","243.5","SOUTH CHARLESTON 2.5 W, WV US","   25",",,N",,,,,,,,,,
"US1WVKN0026","2018-01-09","38.349862","-81.751854","243.5","SOUTH CHARLESTON 2.5 W, WV US","   97",",,N",,,,,,,,,,
"US1WVKN0026","2018-01-12","38.349862","-81.751854","243.5","SOUTH CHARLESTON 2.5 W, WV US","  320",",,N",,,,,,,,,,
"US1WVKN0026","2018-01-13","38.349862","-81.751854","243.5","SOUTH CHARLESTON 2.5 W, WV US","  183",",,N",,,,,,,,,,
"US1WVKN0026","2018-01-23","38.349862","-81.751854","243.5","SOUTH CHARLESTON 2.5 W, WV US","   25",",,N",,,,,,,,,,
"US1WVKN0026","2018-01-24","38.349862","-81.751854","243.5","SOUTH CHARLESTON 2.5 W, WV US","    5",",,N",,,,,,,,,,
"US1WVKN0026","2018-02-02","38.349862","-81.751854","243.5","SOUTH CHARLESTON 2.5 W, WV US","  155",",,N",,,,,,,,,,
"US1WVKN0026","2018-02-04","38.349862","-81.751854","243.5","SOUTH CHARLESTON 2.5 W, WV US","   10",",,N",,,,,,,,,,
"US1WVKN0026","2018-02-05","38.349862","-81.751854","243.5","SOUTH CHARLESTON 2.5 W, WV US","  109",",,N",,,,,,,,,,
"US1WVKN0026","2018-02-07","38.349862","-81.751854","243.5","SOUTH CHARLESTON 2.5 W, WV US","  150",",,N",,,,,,,,,,
"US1WVKN0026","2018-02-08","38.349862","-81.751854","243.5","SOUTH CHARLESTON 2.5 W, WV US","  102",",,N",,,,,,,,,,
"US1WVKN0026","2018-02-11","38.349862","-81.751854","243.5","SOUTH CHARLESTON 2.5 W, WV US","  282",",,N",,,,,,,,,,
"US1WVKN0026","2018-02-12","38.349862","-81.751854","243.5","SOUTH CHARLESTON 2.5 W, WV US","  104",",,N",,,,,,,,,,
"US1WVKN0026","2018-02-13","38.349862","-81.751854","243.5","SOUTH CHARLESTON 2.5 W, WV US","   13",",,N",,,,,,,,,,
"US1WVKN0026","2018-02-15","38.349862","-81.751854","243.5","SOUTH CHARLESTON 2.5 W, WV US","   74",",,N",,,,,,,,,,
"US1WVKN0026","2018-02-16","38.349862","-81.751854","243.5","SOUTH CHARLESTON 2.5 W, WV US","  221",",,N",,,,,,,,,,
"US1WVKN0026","2018-02-17","38.349862","-81.751854","243.5","SOUTH CHARLESTON 2.5 W, WV US","  262",",,N",,,,,,,,,,
"US1WVKN0026","2018-02-18","38.349862","-81.751854","243.5","SOUTH CHARLESTON 2.5 W, WV US","  152",",,N",,,,,,,,,,
"US1WVKN0026","2018-02-19","38.349862","-81.751854","243.5","SOUTH CHARLESTON 2.5 W, WV US","   64",",,N",,,,,,,,,,
"US1WVKN0026","2018-02-21","38.349862","-81.751854","243.5","SOUTH CHARLESTON 2.5 W, WV US","    3",",,N",,,,,,,,,,
"US1WVKN0026","2018-02-22","38.349862","-81.751854","243.5","SOUTH CHARLESTON 2.5 W, WV US","   41",",,N",,,,,,,,,,
"US1WVKN0026","2018-02-23","38.349862","-81.751854","243.5","SOUTH CHARLESTON 2.5 W, WV US","   25",",,N",,,,,,,,,,
"US1WVKN0026","2018-02-24","38.349862","-81.751854","243.5","SOUTH CHARLESTON 2.5 W, WV US","  112",",,N",,,,,,,,,,
"US1WVKN0026","2018-02-25","38.349862","-81.751854","243.5","SOUTH CHARLESTON 2.5 W, WV US","  307",",,N",,,,,,,,,,
"US1WVKN0026","2018-03-01","38.349862","-81.751854","243.5","SOUTH CHARLESTON 2.5 W, WV US","   36",",,N",,,,,,,,,,
"US1WVKN0026","2018-03-06","38.349862","-81.751854","243.5","SOUTH CHARLESTON 2.5 W, WV US","   10",",,N",,,,,,,,,,
"US1WVKN0026","2018-03-07","38.349862","-81.751854","243.5","SOUTH CHARLESTON 2.5 W, WV US","   61",",,N",,,,,,,,,,
"US1WVKN0026","2018-03-08","38.349862","-81.751854","243.5","SOUTH CHARLESTON 2.5 W, WV US","   15",",,N",,,,,,,,,,
"US1WVKN0026","2018-03-20","38.349862","-81.751854","243.5","SOUTH CHARLESTON 2.5 W, WV US","   48",",,N",,,,,,,,,,
"US1WVKN0026","2018-03-28","38.349862","-81.751854","243.5","SOUTH CHARLESTON 2.5 W, WV US","    8",",,N",,,,,,,,,,
"US1WVKN0026","2018-03-29","38.349862","-81.751854","243.5","SOUTH CHARLESTON 2.5 W, WV US","  203",",,N",,,,,,,,,,
"US1WVKN0026","2018-03-30","38.349862","-81.751854","243.5","SOUTH CHARLESTON 2.5 W, WV US","  137",",,N",,,,,,,,,,
"US1WVKN0026","2018-04-01","38.349862","-81.751854","243.5","SOUTH CHARLESTON 2.5 W, WV US","   10",",,N",,,,,,,,,,
"US1WVKN0026","2018-04-03","38.349862","-81.751854","243.5","SOUTH CHARLESTON 2.5 W, WV US","    5",",,N",,,,,,,,,,
"US1WVKN0026","2018-04-04","38.349862","-81.751854","243.5","SOUTH CHARLESTON 2.5 W, WV US","  246",",,N",,,,,,,,,,
"US1WVKN0026","2018-04-05","38.349862","-81.751854","243.5","SOUTH CHARLESTON 2.5 W, WV US","    5",",,N",,,,,,,,,,
"US1WVKN0026","2018-04-16","38.349862","-81.751854","243.5","SOUTH CHARLESTON 2.5 W, WV US","  373",",,N",,,,,,,,,,
"US1WVKN0026","2018-04-17","38.349862","-81.751854","243.5","SOUTH CHARLESTON 2.5 W, WV US","   10",",,N",,,,,,,,,,
"US1WVKN0026","2018-04-19","38.349862","-81.751854","243.5","SOUTH CHARLESTON 2.5 W, WV US","   18",",,N",,,,,,,,,,
"US1WVKN0026","2018-04-24","38.349862","-81.751854","243.5","SOUTH CHARLESTON 2.5 W, WV US","   10",",,N",,,,,,,,,,
"US1WVKN0026","2018-04-25","38.349862","-81.751854","243.5","SOUTH CHARLESTON 2.5 W, WV US","   74",",,N",,,,,,,,,,
"US1WVKN0026","2018-04-26","38.349862","-81.751854","243.5","SOUTH CHARLESTON 2.5 W, WV US","    8",",,N",,,,,,,,,,
"US1WVKN0026","2018-05-05","38.349862","-81.751854","243.5","SOUTH CHARLESTON 2.5 W, WV US","   43",",,N",,,,,,,,,,
"US1WVKN0026","2018-05-06","38.349862","-81.751854","243.5","SOUTH CHARLESTON 2.5 W, WV US","  246",",,N",,,,,,,,,,
"US1WVKN0026","2018-05-07","38.349862","-81.751854","243.5","SOUTH CHARLESTON 2.5 W, WV US","  145",",,N",,,,,,,,,,
"US1WVKN0026","2018-05-16","38.349862","-81.751854","243.5","SOUTH CHARLESTON 2.5 W, WV US","   10",",,N",,,,,,,,,,
"US1WVKN0026","2018-05-20","38.349862","-81.751854","243.5","SOUTH CHARLESTON 2.5 W, WV US","    5",",,N",,,,,,,,,,
"US1WVKN0026","2018-05-22","38.349862","-81.751854","243.5","SOUTH CHARLESTON 2.5 W, WV US","  145",",,N",,,,,,,,,,
"US1WVKN0026","2018-05-23","38.349862","-81.751854","243.5","SOUTH CHARLESTON 2.5 W, WV US","  244",",,N",,,,,,,,,,
"US1WVKN0026","2018-05-27","38.349862","-81.751854","243.5","SOUTH CHARLESTON 2.5 W, WV US","  251",",,N",,,,,,,,,,
"US1WVKN0026","2018-05-28","38.349862","-81.751854","243.5","SOUTH CHARLESTON 2.5 W, WV US","    5",",,N",,,,,,,,,,
"US1WVKN0026","2018-05-29","38.349862","-81.751854","243.5","SOUTH CHARLESTON 2.5 W, WV US","   84",",,N",,,,,,,,,,
"US1WVKN0026","2018-05-31","38.349862","-81.751854","243.5","SOUTH CHARLESTON 2.5 W, WV US","   28",",,N",,,,,,,,,,
"US1WVKN0026","2018-06-01","38.349862","-81.751854","243.5","SOUTH CHARLESTON 2.5 W, WV US","   43",",,N",,,,,,,,,,
"US1WVKN0026","2018-06-02","38.349862","-81.751854","243.5","SOUTH CHARLESTON 2.5 W, WV US","    8",",,N",,,,,,,,,,
"US1WVKN0026","2018-06-13","38.349862","-81.751854","243.5","SOUTH CHARLESTON 2.5 W, WV US","   69",",,N",,,,,,,,,,
"US1WVKN0026","2018-06-18","38.349862","-81.751854","243.5","SOUTH CHARLESTON 2.5 W, WV US","   94",",,N",,,,,,,,,,
"US1WVKN0026","2018-06-20","38.349862","-81.751854","243.5","SOUTH CHARLESTON 2.5 W, WV US","  257",",,N",,,,,,,,,,
"US1WVKN0026","2018-06-21","38.349862","-81.751854","243.5","SOUTH CHARLESTON 2.5 W, WV US","  137",",,N",,,,,,,,,,
"US1WVKN0026","2018-06-22","38.349862","-81.751854","243.5","SOUTH CHARLESTON 2.5 W, WV US","  351",",,N",,,,,,,,,,
"US1WVKN0026","2018-06-24","38.349862","-81.751854","243.5","SOUTH CHARLESTON 2.5 W, WV US","   25",",,N",,,,,,,,,,
"US1WVKN0026","2018-06-25","38.349862","-81.751854","243.5","SOUTH CHARLESTON 2.5 W, WV US","  343",",,N",,,,,,,,,,
"US1WVKN0026","2018-06-26","38.349862","-81.751854","243.5","SOUTH CHARLESTON 2.5 W, WV US","   38",",,N",,,,,,,,,,
"US1WVKN0026","2018-06-27","38.349862","-81.751854","243.5","SOUTH CHARLESTON 2.5 W, WV US","   99",",,N",,,,,,,,,,
"US1WVKN0026","2018-07-02","38.349862","-81.751854","243.5","SOUTH CHARLESTON 2.5 W, WV US","  320",",,N",,,,,,,,,,
"US1WVKN0026","2018-07-03","38.349862","-81.751854","243.5","SOUTH CHARLESTON 2.5 W, WV US","   25",",,N",,,,,,,,,,
"US1WVKN0026","2018-07-17","38.349862","-81.751854","243.5","SOUTH CHARLESTON 2.5 W, WV US","  475",",,N",,,,,,,,,,
"US1WVKN0026","2018-07-18","38.349862","-81.751854","243.5","SOUTH CHARLESTON 2.5 W, WV US","   46",",,N",,,,,,,,,,
"US1WVKN0026","2018-07-21","38.349862","-81.751854","243.5","SOUTH CHARLESTON 2.5 W, WV US","  366",",,N",,,,,,,,,,
"US1WVKN0026","2018-07-23","38.349862","-81.751854","243.5","SOUTH CHARLESTON 2.5 W, WV US","  358",",,N",,,,,,,,,,
"US1WVKN0026","2018-07-24","38.349862","-81.751854","243.5","SOUTH CHARLESTON 2.5 W, WV US","   64",",,N",,,,,,,,,,
"US1WVKN0026","2018-07-28","38.349862","-81.751854","243.5","SOUTH CHARLESTON 2.5 W, WV US","   64",",,N",,,,,,,,,,
"US1WVKN0026","2018-07-31","38.349862","-81.751854","243.5","SOUTH CHARLESTON 2.5 W, WV US","  104",",,N",,,,,,,,,,
"US1WVKN0026","2018-08-01","38.349862","-81.751854","243.5","SOUTH CHARLESTON 2.5 W, WV US","   66",",,N",,,,,,,,,,
"US1WVKN0026","2018-08-02","38.349862","-81.751854","243.5","SOUTH CHARLESTON 2.5 W, WV US","   61",",,N",,,,,,,,,,
"US1WVKN0026","2018-08-07","38.349862","-81.751854","243.5","SOUTH CHARLESTON 2.5 W, WV US","   64",",,N",,,,,,,,,,
"US1WVKN0026","2018-08-08","38.349862","-81.751854","243.5","SOUTH CHARLESTON 2.5 W, WV US","  152",",,N",,,,,,,,,,
"US1WVKN0026","2018-08-09","38.349862","-81.751854","243.5","SOUTH CHARLESTON 2.5 W, WV US","  104",",,N",,,,,,,,,,
"US1WVKN0026","2018-08-14","38.349862","-81.751854","243.5","SOUTH CHARLESTON 2.5 W, WV US","  307",",,N",,,,,,,,,,
"US1WVKN0026","2018-08-18","38.349862","-81.751854","243.5","SOUTH CHARLESTON 2.5 W, WV US","  178",",,N",,,,,,,,,,
"US1WVKN0026","2018-08-19","38.349862","-81.751854","243.5","SOUTH CHARLESTON 2.5 W, WV US","    3",",,N",,,,,,,,,,
"US1WVKN0026","2018-08-22","38.349862","-81.751854","243.5","SOUTH CHARLESTON 2.5 W, WV US","   71",",,N",,,,,,,,,,
"US1WVKN0026","2018-08-27","38.349862","-81.751854","243.5","SOUTH CHARLESTON 2.5 W, WV US","  193",",,N",,,,,,,,,,
"US1WVKN0026","2018-09-02","38.349862","-81.751854","243.5","SOUTH CHARLESTON 2.5 W, WV US","   89",",,N",,,,,,,,,,
"US1WVKN0026","2018-09-08","38.349862","-81.751854","243.5","SOUTH CHARLESTON 2.5 W, WV US","   28",",,N",,,,,,,,,,
"US1WVKN0026","2018-09-09","38.349862","-81.751854","243.5","SOUTH CHARLESTON 2.5 W, WV US","   38",",,N",,,,,,,,,,
"US1WVKN0026","2018-09-10","38.349862","-81.751854","243.5","SOUTH CHARLESTON 2.5 W, WV US","  521",",,N",,,,,,,,,,
"US1WVKN0026","2018-09-11","38.349862","-81.751854","243.5","SOUTH CHARLESTON 2.5 W, WV US","   89",",,N",,,,,,,,,,
"US1WVKN0026","2018-09-17","38.349862","-81.751854","243.5","SOUTH CHARLESTON 2.5 W, WV US","  282",",,N",,,,,,,,,,
"US1WVKN0026","2018-09-18","38.349862","-81.751854","243.5","SOUTH CHARLESTON 2.5 W, WV US","  132",",,N",,,,,,,,,,
"US1WVKN0026","2018-09-23","38.349862","-81.751854","243.5","SOUTH CHARLESTON 2.5 W, WV US","   89",",,N",,,,,,,,,,
"US1WVKN0026","2018-09-24","38.349862","-81.751854","243.5","SOUTH CHARLESTON 2.5 W, WV US","  224",",,N",,,,,,,,,,
"US1WVKN0026","2018-09-28","38.349862","-81.751854","243.5","SOUTH CHARLESTON 2.5 W, WV US","  485",",,N",,,,,,,,,,
"US1WVKN0026","2018-10-05","38.349862","-81.751854","243.5","SOUTH CHARLESTON 2.5 W, WV US","  193",",,N",,,,,,,,,,
"US1WVKN0026","2018-10-12","38.349862","-81.751854","243.5","SOUTH CHARLESTON 2.5 W, WV US","  112",",,N",,,,,,,,,,
"US1WVKN0026","2018-10-13","38.349862","-81.751854","243.5","SOUTH CHARLESTON 2.5 W, WV US","   46",",,N",,,,,,,,,,
"US1WVKN0026","2018-10-14","38.349862","-81.751854","243.5","SOUTH CHARLESTON 2.5 W, WV US","   10",",,N",,,,,,,,,,
"US1WVKN0026","2018-10-15","38.349862","-81.751854","243.5","SOUTH CHARLESTON 2.5 W, WV US","   36",",,N",,,,,,,,,,
"US1WVKN0026","2018-11-03","38.349862","-81.751854","243.5","SOUTH CHARLESTON 2.5 W, WV US","   28",",,N",,,,,,,,,,
"US1WVKN0026","2018-11-05","38.349862","-81.751854","243.5","SOUTH CHARLESTON 2.5 W, WV US","   43",",,N",,,,,,,,,,
"US1WVKN0026","2018-11-06","38.349862","-81.751854","243.5","SOUTH CHARLESTON 2.5 W, WV US","  163",",,N",,,,,,,,,,
"US1WVKN0026","2018-11-09","38.349862","-81.751854","243.5","SOUTH CHARLESTON 2.5 W, WV US","   46",",,N",,,,,,,,,,
"US1WVKN0026","2018-11-13","38.349862","-81.751854","243.5","SOUTH CHARLESTON 2.5 W, WV US",,,,,,,"    4",",,N","  279",",,N",,
"US1WVKN0026","2018-11-20","38.349862","-81.751854","243.5","SOUTH CHARLESTON 2.5 W, WV US","   23",",,N",,,,,,,,,,
"US1WVKN0026","2018-11-24","38.349862","-81.751854","243.5","SOUTH CHARLESTON 2.5 W, WV US","  102",",,N",,,,,,,,,,
"US1WVKN0026","2018-12-01","38.349862","-81.751854","243.5","SOUTH CHARLESTON 2.5 W, WV US","    5",",,N",,,,,,,,,,
"US1WVKN0026","2018-12-15","38.349862","-81.751854","243.5","SOUTH CHARLESTON 2.5 W, WV US","  295",",,N",,,,,,,,,,
"US1WVKN0026","2018-12-16","38.349862","-81.751854","243.5","SOUTH CHARLESTON 2.5 W, WV US","  112",",,N",,,,,,,,,,
"US1WVKN0026","2018-12-17","38.349862","-81.751854","243.5","SOUTH CHARLESTON 2.5 W, WV US","   36",",,N",,,,,,,,,,
"US1WVKN0026","2018-12-21","38.349862","-81.751854","243.5","SOUTH CHARLESTON 2.5 W, WV US","  284",",,N",,,,,,,,,,
"US1WVKN0026","2018-12-22","38.349862","-81.751854","243.5","SOUTH CHARLESTON 2.5 W, WV US","  307",",,N",,,,,,,,,,
"US1WVKN0026","2018-12-24","38.349862","-81.751854","243.5","SOUTH CHARLESTON 2.5 W, WV US","  135",",,N",,,,,,,,,,
"US1WVKN0026","2018-12-28","38.349862","-81.751854","243.5","SOUTH CHARLESTON 2.5 W, WV US","   86",",,N",,,,,,,,,,
"US1WVKN0026","2018-12-29","38.349862","-81.751854","243.5","SOUTH CHARLESTON 2.5 W, WV US","   13",",,N",,,,,,,,,,
"US1WVKN0026","2018-12-31","38.349862","-81.751854","243.5","SOUTH CHARLESTON 2.5 W, WV US","   18",",,N",,,,,,,,,,
"US1WVKN0026","2019-01-01","38.349862","-81.751854","243.5","SOUTH CHARLESTON 2.5 W, WV US","  152",",,N",,,,,,,,,,
"US1WVKN0026","2019-01-20","38.349862","-81.751854","243.5","SOUTH CHARLESTON 2.5 W, WV US","  290",",,N",,,,,,,,,,
"US1WVKN0026","2019-01-25","38.349862","-81.751854","243.5","SOUTH CHARLESTON 2.5 W, WV US","   33",",,N",,,,,,,,,,
"US1WVKN0026","2019-01-29","38.349862","-81.751854","243.5","SOUTH CHARLESTON 2.5 W, WV US","   30",",,N",,,,,,,,,,
"US1WVKN0026","2019-02-05","38.349862","-81.751854","243.5","SOUTH CHARLESTON 2.5 W, WV US","    5",",,N",,,,,,,,,,
"US1WVKN0026","2019-02-06","38.349862","-81.751854","243.5","SOUTH CHARLESTON 2.5 W, WV US","   10",",,N",,,,,,,,,,
"US1WVKN0026","2019-02-07","38.349862","-81.751854","243.5","SOUTH CHARLESTON 2.5 W, WV US","  104",",,N",,,,,,,,,,
"US1WVKN0026","2019-02-11","38.349862","-81.751854","243.5","SOUTH CHARLESTON 2.5 W, WV US","  173",",,N",,,,,,,,,,
"US1WVKN0026","2019-02-13","38.349862","-81.751854","243.5","SOUTH CHARLESTON 2.5 W, WV US","  109",",,N",,,,,,,,,,
"US1WVKN0026","2019-02-18","38.349862","-81.751854","243.5","SOUTH CHARLESTON 2.5 W, WV US","   64",",,N",,,,,,,,,,
"US1WVKN0026","2019-02-20","38.349862","-81.751854","243.5","SOUTH CHARLESTON 2.5 W, WV US","  168",",,N",,,,,,,,,,
"US1WVKN0026","2019-02-21","38.349862","-81.751854","243.5","SOUTH CHARLESTON 2.5 W, WV US","  163",",,N",,,,,,,,,,
"US1WVKN0026","2019-02-22","38.349862","-81.751854","243.5","SOUTH CHARLESTON 2.5 W, WV US","   30",",,N",,,,,,,,,,
"US1WVKN0026","2019-02-23","38.349862","-81.751854","243.5","SOUTH CHARLESTON 2.5 W, WV US","    3",",,N",,,,,,,,,,
"US1WVKN0026","2019-02-24","38.349862","-81.751854","243.5","SOUTH CHARLESTON 2.5 W, WV US","  358",",,N",,,,,,,,,,
"US1WVKN0026","2019-02-25","38.349862","-81.751854","243.5","SOUTH CHARLESTON 2.5 W, WV US","   30",",,N",,,,,,,,,,
"US1WVKN0026","2019-03-01","38.349862","-81.751854","243.5","SOUTH CHARLESTON 2.5 W, WV US","  160",",,N",,,,,,,,,,
"US1WVKN0026","2019-03-03","38.349862","-81.751854","243.5","SOUTH CHARLESTON 2.5 W, WV US","   41",",,N",,,,,,,,,,
"US1WVKN0026","2019-03-26","38.349862","-81.751854","243.5","SOUTH CHARLESTON 2.5 W, WV US","   13",",,N",,,,,,,,,,
"US1WVKN0026","2019-03-31","38.349862","-81.751854","243.5","SOUTH CHARLESTON 2.5 W, WV US","   64",",,N",,,,,,,,,,
"US1WVKN0026","2019-04-05","38.349862","-81.751854","243.5","SOUTH CHARLESTON 2.5 W, WV US","   18",",,N","    0",",,N",,,,,,,,
"US1WVKN0026","2019-04-08","38.349862","-81.751854","243.5","SOUTH CHARLESTON 2.5 W, WV US","  102",",,N",,,,,,,,,,
"US1WVKN0026","2019-04-09","38.349862","-81.751854","243.5","SOUTH CHARLESTON 2.5 W, WV US","   13",",,N",,,,,,,,,,
"US1WVKN0026","2019-04-13","38.349862","-81.751854","243.5","SOUTH CHARLESTON 2.5 W, WV US","   48",",,N",,,,,,,,,,
"US1WVKN0026","2019-04-14","38.349862","-81.751854","243.5","SOUTH CHARLESTON 2.5 W, WV US","   10",",,N",,,,,,,,,,
"US1WVKN0026","2019-04-15","38.349862","-81.751854","243.5","SOUTH CHARLESTON 2.5 W, WV US","  119",",,N",,,,,,,,,,
"US1WVKN0026","2019-04-20","38.349862","-81.751854","243.5","SOUTH CHARLESTON 2.5 W, WV US","  155",",,N",,,,,,,,,,
"US1WVKN0026","2019-04-24","38.349862","-81.751854","243.5","SOUTH CHARLESTON 2.5 W, WV US","   41",",,N",,,,,,,,,,
"US1WVKN0026","2019-05-03","38.349862","-81.751854","243.5","SOUTH CHARLESTON 2.5 W, WV US","  196",",,N",,,,,,,,,,
"US1WVKN0026","2019-05-04","38.349862","-81.751854","243.5","SOUTH CHARLESTON 2.5 W, WV US","  168",",,N",,,,,,,,,,
"US1WVKN0026","2019-05-05","38.349862","-81.751854","243.5","SOUTH CHARLESTON 2.5 W, WV US","  295",",,N",,,,,,,,,,
"US1WVKN0026","2019-05-12","38.349862","-81.751854","243.5","SOUTH CHARLESTON 2.5 W, WV US","  239",",,N",,,,,,,,,,
"US1WVKN0026","2019-05-14","38.349862","-81.751854","243.5","SOUTH CHARLESTON 2.5 W, WV US","   13",",,N",,,,,,,,,,
"US1WVKN0026","2019-05-17","38.349862","-81.751854","243.5","SOUTH CHARLESTON 2.5 W, WV US","  119",",,N",,,,,,,,,,
"US1WVKN0026","2019-05-18","38.349862","-81.751854","243.5","SOUTH CHARLESTON 2.5 W, WV US","  363",",,N",,,,,,,,,,
"US1WVKN0026","2019-05-24","38.349862","-81.751854","243.5","SOUTH CHARLESTON 2.5 W, WV US","   66",",,N",,,,,,,,,,
"US1WVKN0026","2019-05-27","38.349862","-81.751854","243.5","SOUTH CHARLESTON 2.5 W, WV US","  145",",,N",,,,,,,,,,
"US1WVKN0026","2019-05-29","38.349862","-81.751854","243.5","SOUTH CHARLESTON 2.5 W, WV US","    0","T,,N",,,,,,,,,,
"US1WVKN0026","2019-05-30","38.349862","-81.751854","243.5","SOUTH CHARLESTON 2.5 W, WV US","   53",",,N",,,,,,,,,,
"US1WVKN0026","2019-05-31","38.349862","-81.751854","243.5","SOUTH CHARLESTON 2.5 W, WV US","  241",",,N",,,,,,,,,,
"US1WVKN0026","2019-06-05","38.349862","-81.751854","243.5","SOUTH CHARLESTON 2.5 W, WV US","    8",",,N",,,,,,,,,,
"US1WVKN0026","2019-06-06","38.349862","-81.751854","243.5","SOUTH CHARLESTON 2.5 W, WV US","  236",",,N",,,,,,,,,,
"US1WVKN0026","2019-06-07","38.349862","-81.751854","243.5","SOUTH CHARLESTON 2.5 W, WV US","    8",",,N",,,,,,,,,,
"US1WVKN0026","2019-06-08","38.349862","-81.751854","243.5","SOUTH CHARLESTON 2.5 W, WV US","   56",",,N",,,,,,,,,,
"US1WVKN0026","2019-06-09","38.349862","-81.751854","243.5","SOUTH CHARLESTON 2.5 W, WV US","   13",",,N",,,,,,,,,,
"US1WVKN0026","2019-06-10","38.349862","-81.751854","243.5","SOUTH CHARLESTON 2.5 W, WV US","    8",",,N",,,,,,,,,,
"US1WVKN0026","2019-06-13","38.349862","-81.751854","243.5","SOUTH CHARLESTON 2.5 W, WV US","    8",",,N",,,,,,,,,,
"US1WVKN0026","2019-06-14","38.349862","-81.751854","243.5","SOUTH CHARLESTON 2.5 W, WV US","  117",",,N",,,,,,,,,,
"US1WVKN0026","2019-06-17","38.349862","-81.751854","243.5","SOUTH CHARLESTON 2.5 W, WV US","  218",",,N",,,,,,,,,,
"US1WVKN0026","2019-06-18","38.349862","-81.751854","243.5","SOUTH CHARLESTON 2.5 W, WV US","  102",",,N",,,,,,,,,,
"US1WVKN0026","2019-06-19","38.349862","-81.751854","243.5","SOUTH CHARLESTON 2.5 W, WV US","   76",",,N",,,,,,,,,,
"US1WVKN0026","2019-06-20","38.349862","-81.751854","243.5","SOUTH CHARLESTON 2.5 W, WV US","   89",",,N",,,,,,,,,,
"US1WVKN0026","2019-06-21","38.349862","-81.751854","243.5","SOUTH CHARLESTON 2.5 W, WV US","   56",",,N",,,,,,,,,,
"US1WVKN0026","2019-06-25","38.349862","-81.751854","243.5","SOUTH CHARLESTON 2.5 W, WV US","  180",",,N",,,,,,,,,,
"US1WVKN0026","2019-07-03","38.349862","-81.751854","243.5","SOUTH CHARLESTON 2.5 W, WV US","   20",",,N",,,,,,,,,,
"US1WVKN0026","2019-07-04","38.349862","-81.751854","243.5","SOUTH CHARLESTON 2.5 W, WV US","   84",",,N",,,,,,,,,,
"US1WVKN0026","2019-07-07","38.349862","-81.751854","243.5","SOUTH CHARLESTON 2.5 W, WV US","   41",",,N",,,,,,,,,,
"US1WVKN0026","2019-07-10","38.349862","-81.751854","243.5","SOUTH CHARLESTON 2.5 W, WV US","   41",",,N",,,,,,,,,,
"US1WVKN0026","2019-07-12","38.349862","-81.751854","243.5","SOUTH CHARLESTON 2.5 W, WV US","   18",",,N",,,,,,,,,,
"US1WVKN0026","2019-07-18","38.349862","-81.751854","243.5","SOUTH CHARLESTON 2.5 W, WV US","   91",",,N",,,,,,,,,,
"US1WVKN0026","2019-07-22","38.349862","-81.751854","243.5","SOUTH CHARLESTON 2.5 W, WV US","   58",",,N",,,,,,,,,,
"US1WVKN0026","2019-07-23","38.349862","-81.751854","243.5","SOUTH CHARLESTON 2.5 W, WV US","  348",",,N",,,,,,,,,,
"US1WVKN0026","2019-07-31","38.349862","-81.751854","243.5","SOUTH CHARLESTON 2.5 W, WV US","   18",",,N",,,,,,,,,,
"US1WVKN0026","2019-08-07","38.349862","-81.751854","243.5","SOUTH CHARLESTON 2.5 W, WV US","  152",",,N",,,,,,,,,,
"US1WVKN0026","2019-08-13","38.349862","-81.751854","243.5","SOUTH CHARLESTON 2.5 W, WV US","   74",",,N",,,,,,,,,,
"US1WVKN0026","2019-08-14","38.349862","-81.751854","243.5","SOUTH CHARLESTON 2.5 W, WV US","   66",",,N",,,,,,,,,,
"US1WVKN0026","2019-08-23","38.349862","-81.751854","243.5","SOUTH CHARLESTON 2.5 W, WV US","   74",",,N",,,,,,,,,,
"US1WVKN0026","2019-08-24","38.349862","-81.751854","243.5","SOUTH CHARLESTON 2.5 W, WV US","  485",",,N",,,,,,,,,,
"US1WVKN0026","2019-08-27","38.349862","-81.751854","243.5","SOUTH CHARLESTON 2.5 W, WV US","   18",",,N",,,,,,,,,,
"US1WVKN0026","2019-08-28","38.349862","-81.751854","243.5","SOUTH CHARLESTON 2.5 W, WV US","   71",",,N",,,,,,,,,,
"US1WVKN0026","2019-09-21","38.349862","-81.751854","243.5","SOUTH CHARLESTON 2.5 W, WV US","   48",",,N",,,,,,,,,,
"US1WVKN0026","2019-09-26","38.349862","-81.751854","243.5","SOUTH CHARLESTON 2.5 W, WV US","   48",",,N",,,,,,,,,,
"US1WVKN0026","2019-10-07","38.349862","-81.751854","243.5","SOUTH CHARLESTON 2.5 W, WV US","  373",",,N",,,,,,,,,,
"US1WVKN0026","2019-10-08","38.349862","-81.751854","243.5","SOUTH CHARLESTON 2.5 W, WV US","  246",",,N",,,,,,,,,,
"US1WVKN0026","2019-10-09","38.349862","-81.751854","243.5","SOUTH CHARLESTON 2.5 W, WV US","   64",",,N",,,,,,,,,,
"US1WVKN0026","2019-10-12","38.349862","-81.751854","243.5","SOUTH CHARLESTON 2.5 W, WV US","    8",",,N",,,,,,,,,,
"US1WVKN0026","2019-10-16","38.349862","-81.751854","243.5","SOUTH CHARLESTON 2.5 W, WV US","   76",",,N",,,,,,,,,,
"US1WVKN0026","2019-10-17","38.349862","-81.751854","243.5","SOUTH CHARLESTON 2.5 W, WV US","  112",",,N",,,,,,,,,,
"US1WVKN0026","2019-10-20","38.349862","-81.751854","243.5","SOUTH CHARLESTON 2.5 W, WV US","   79",",,N",,,,,,,,,,
"US1WVKN0026","2019-10-22","38.349862","-81.751854","243.5","SOUTH CHARLESTON 2.5 W, WV US","   61",",,N",,,,,,,,,,
"US1WVKN0026","2019-10-26","38.349862","-81.751854","243.5","SOUTH CHARLESTON 2.5 W, WV US","   28",",,N",,,,,,,,,,
"US1WVKN0026","2019-10-27","38.349862","-81.751854","243.5","SOUTH CHARLESTON 2.5 W, WV US","  264",",,N",,,,,,,,,,
"US1WVKN0026","2019-10-31","38.349862","-81.751854","243.5","SOUTH CHARLESTON 2.5 W, WV US","   97",",,N",,,,,,,,,,
"US1WVKN0026","2019-11-01","38.349862","-81.751854","243.5","SOUTH CHARLESTON 2.5 W, WV US","  145",",,N",,,,,,,,,,
"US1WVKN0026","2019-11-22","38.349862","-81.751854","243.5","SOUTH CHARLESTON 2.5 W, WV US","   84",",,N",,,,,,,,,,
"US1WVKN0026","2019-11-24","38.349862","-81.751854","243.5","SOUTH CHARLESTON 2.5 W, WV US","  127",",,N",,,,,,,,,,
"US1WVKN0026","2019-11-25","38.349862","-81.751854","243.5","SOUTH CHARLESTON 2.5 W, WV US","    3",",,N",,,,,,,,,,
"US1WVKN0026","2019-11-27","38.349862","-81.751854","243.5","SOUTH CHARLESTON 2.5 W, WV US","  178",",,N",,,,,,,,,,
"US1WVKN0026","2019-11-30","38.349862","-81.751854","243.5","SOUTH CHARLESTON 2.5 W, WV US","   23",",,N",,,,,,,,,,
"US1WVKN0026","2019-12-01","38.349862","-81.751854","243.5","SOUTH CHARLESTON 2.5 W, WV US","  152",",,N",,,,,,,,,,
"US1WVKN0026","2019-12-02","38.349862","-81.751854","243.5","SOUTH CHARLESTON 2.5 W, WV US","   48",",,N",,,,,,,,,,
"US1WVKN0026","2019-12-04","38.349862","-81.751854","243.5","SOUTH CHARLESTON 2.5 W, WV US","    5",",,N",,,,,,,,,,
"US1WVKN0026","2019-12-11","38.349862","-81.751854","243.5","SOUTH CHARLESTON 2.5 W, WV US","   84",",,N",,,,,,,,,,
"US1WVKN0026","2019-12-13","38.349862","-81.751854","243.5","SOUTH CHARLESTON 2.5 W, WV US","   28",",,N",,,,,,,,,,
"US1WVKN0026","2019-12-14","38.349862","-81.751854","243.5","SOUTH CHARLESTON 2.5 W, WV US","  155",",,N",,,,,,,,,,
"US1WVKN0026","2019-12-15","38.349862","-81.751854","243.5","SOUTH CHARLESTON 2.5 W, WV US","   56",",,N",,,,,,,,,,
"US1WVKN0026","2019-12-16","38.349862","-81.751854","243.5","SOUTH CHARLESTON 2.5 W, WV US","   97",",,N",,,,,,,,,,
"US1WVKN0026","2019-12-17","38.349862","-81.751854","243.5","SOUTH CHARLESTON 2.5 W, WV US","  434",",,N",,,,,,,,,,
"US1WVKN0026","2019-12-30","38.349862","-81.751854","243.5","SOUTH CHARLESTON 2.5 W, WV US","  140",",,N",,,,,,,,,,
"US1WVKN0026","2019-12-31","38.349862","-81.751854","243.5","SOUTH CHARLESTON 2.5 W, WV US","    3",",,N",,,,,,,,,,
"US1WVKN0026","2020-01-03","38.349862","-81.751854","243.5","SOUTH CHARLESTON 2.5 W, WV US","   99",",,N",,,,,,,,,,
"US1WVKN0026","2020-01-04","38.349862","-81.751854","243.5","SOUTH CHARLESTON 2.5 W, WV US","   99",",,N",,,,,,,,,,
"US1WVKN0026","2020-01-05","38.349862","-81.751854","243.5","SOUTH CHARLESTON 2.5 W, WV US","   97",",,N",,,,,,,,,,
"US1WVKN0026","2020-01-06","38.349862","-81.751854","243.5","SOUTH CHARLESTON 2.5 W, WV US","   10",",,N",,,,,,,,,,
"US1WVKN0026","2020-01-08","38.349862","-81.751854","243.5","SOUTH CHARLESTON 2.5 W, WV US","    0",",,N","    0",",,N","   76",",,N",,,,,"   56",",,N"
"US1WVKN0026","2020-01-12","38.349862","-81.751854","243.5","SOUTH CHARLESTON 2.5 W, WV US","  208",",,N",,,,,,,,,,
"US1WVKN0026","2020-01-14","38.349862","-81.751854","243.5","SOUTH CHARLESTON 2.5 W, WV US","   28",",,N",,,,,,,,,,
"US1WVKN0026","2020-01-18","38.349862","-81.751854","243.5","SOUTH CHARLESTON 2.5 W, WV US","    8",",,N",,,,,,,,,,
"US1WVKN0026","2020-01-24","38.349862","-81.751854","243.5","SOUTH CHARLESTON 2.5 W, WV US","   38",",,N",,,,,,,,,,
"US1WVKN0026","2020-01-25","38.349862","-81.751854","243.5","SOUTH CHARLESTON 2.5 W, WV US","  173",",,N",,,,,,,,,,
"US1WVKN0026","2020-02-01","38.349862","-81.751854","243.5","SOUTH CHARLESTON 2.5 W, WV US","   36",",,N",,,,,,,,,,
"US1WVKN0026","2020-02-02","38.349862","-81.751854","243.5","SOUTH CHARLESTON 2.5 W, WV US","   61",",,N",,,,,,,,,,
"US1WVKN0026","2020-02-05","38.349862","-81.751854","243.5","SOUTH CHARLESTON 2.5 W, WV US","   74",",,N",,,,,,,,,,
"US1WVKN0026","2020-02-06","38.349862","-81.751854","243.5","SOUTH CHARLESTON 2.5 W, WV US","   79",",,N",,,,,,,,,,
"US1WVKN0026","2020-02-07","38.349862","-81.751854","243.5","SOUTH CHARLESTON 2.5 W, WV US","   97",",,N",,,,,,,,,,
"US1WVKN0026","2020-02-11","38.349862","-81.751854","243.5","SOUTH CHARLESTON 2.5 W, WV US","  307",",,N",,,,,,,,,,
"US1WVKN0026","2020-02-12","38.349862","-81.751854","243.5","SOUTH CHARLESTON 2.5 W, WV US","   46",",,N",,,,,,,,,,
"US1WVKN0026","2020-02-13","38.349862","-81.751854","243.5","SOUTH CHARLESTON 2.5 W, WV US","  267",",,N",,,,,,,,,,
"US1WVKN0026","2020-02-14","38.349862","-81.751854","243.5","SOUTH CHARLESTON 2.5 W, WV US","   38",",,N",,,,,,,,,,
"US1WVKN0026","2020-02-19","38.349862","-81.751854","243.5","SOUTH CHARLESTON 2.5 W, WV US","  104",",,N",,,,,,,,,,
"US1WVKN0026","2020-02-25","38.349862","-81.751854","243.5","SOUTH CHARLESTON 2.5 W, WV US","   56",",,N",,,,,,,,,,
"US1WVKN0026","2020-02-26","38.349862","-81.751854","243.5","SOUTH CHARLESTON 2.5 W, WV US","   28",",,N",,,,,,,,,,
"US1WVKN0026","2020-02-27","38.349862","-81.751854","243.5","SOUTH CHARLESTON 2.5 W, WV US","   66",",,N",,,,,,,,,,
"US1WVKN0026","2020-03-03","38.349862","-81.751854","243.5","SOUTH CHARLESTON 2.5 W, WV US","   99",",,N",,,,,,,,,,
"US1WVKN0026","2020-03-06","38.349862","-81.751854","243.5","SOUTH CHARLESTON 2.5 W, WV US","    5",",,N",,,,,,,,,,
"US1WVKN0026","2020-03-11","38.349862","-81.751854","243.5","SOUTH CHARLESTON 2.5 W, WV US","   36",",,N",,,,,,,,,,
"US1WVKN0026","2020-03-13","38.349862","-81.751854","243.5","SOUTH CHARLESTON 2.5 W, WV US","  287",",,N","    0",",,N",,,,,,,,
"US1WVKN0026","2020-03-15","38.349862","-81.751854","243.5","SOUTH CHARLESTON 2.5 W, WV US","   66",",,N",,,,,,,,,,
"US1WVKN0026","2020-03-17","38.349862","-81.751854","243.5","SOUTH CHARLESTON 2.5 W, WV US","   38",",,N",,,,,,,,,,
"US1WVKN0026","2020-03-18","38.349862","-81.751854","243.5","SOUTH CHARLESTON 2.5 W, WV US","   15",",,N",,,,,,,,,,
"US1WVKN0026","2020-03-21","38.349862","-81.751854","243.5","SOUTH CHARLESTON 2.5 W, WV US","  132",",,N",,,,,,,,,,
"US1WVKN0026","2020-03-25","38.349862","-81.751854","243.5","SOUTH CHARLESTON 2.5 W, WV US","   89",",,N",,,,,,,,,,
"US1WVKN0026","2020-03-29","38.349862","-81.751854","243.5","SOUTH CHARLESTON 2.5 W, WV US","    5",",,N",,,,,,,,,,
"US1WVKN0026","2020-03-31","38.349862","-81.751854","243.5","SOUTH CHARLESTON 2.5 W, WV US","   13",",,N",,,,,,,,,,
"US1WVKN0026","2020-04-01","38.349862","-81.751854","243.5","SOUTH CHARLESTON 2.5 W, WV US","  104",",,N",,,,,,,,,,
"US1WVKN0026","2020-04-02","38.349862","-81.751854","243.5","SOUTH CHARLESTON 2.5 W, WV US","   20",",,N",,,,,,,,,,
"US1WVKN0026","2020-04-06","38.349862","-81.751854","243.5","SOUTH CHARLESTON 2.5 W, WV US","   10",",,N",,,,,,,,,,
"US1WVKN0026","2020-04-09","38.349862","-81.751854","243.5","SOUTH CHARLESTON 2.5 W, WV US","  495",",,N",,,,,,,,,,
"US1WVKN0026","2020-04-13","38.349862","-81.751854","243.5","SOUTH CHARLESTON 2.5 W, WV US","  262",",,N",,,,,,,,,,
"US1WVKN0026","2020-04-24","38.349862","-81.751854","243.5","SOUTH CHARLESTON 2.5 W, WV US","  315",",,N",,,,,,,,,,
"US1WVKN0026","2020-04-26","38.349862","-81.751854","243.5","SOUTH CHARLESTON 2.5 W, WV US","  104",",,N",,,,,,,,,,
"US1WVKN0026","2020-04-27","38.349862","-81.751854","243.5","SOUTH CHARLESTON 2.5 W, WV US","  122",",,N",,,,,,,,,,
"US1WVKN0026","2020-04-29","38.349862","-81.751854","243.5","SOUTH CHARLESTON 2.5 W, WV US","    3",",,N",,,,,,,,,,
"US1WVKN0026","2020-04-30","38.349862","-81.751854","243.5","SOUTH CHARLESTON 2.5 W, WV US","  320",",,N",,,,,,,,,,
"US1WVKN0026","2020-05-01","38.349862","-81.751854","243.5","SOUTH CHARLESTON 2.5 W, WV US","   61",",,N",,,,,,,,,,
"US1WVKN0026","2020-05-04","38.349862","-81.751854","243.5","SOUTH CHARLESTON 2.5 W, WV US","  229",",,N",,,,,,,,,,
"US1WVKN0026","2020-05-06","38.349862","-81.751854","243.5","SOUTH CHARLESTON 2.5 W, WV US","   91",",,N",,,,,,,,,,
"US1WVKN0026","2020-05-07","38.349862","-81.751854","243.5","SOUTH CHARLESTON 2.5 W, WV US","    8",",,N",,,,,,,,,,
"US1WVKN0026","2020-05-15","38.349862","-81.751854","243.5","SOUTH CHARLESTON 2.5 W, WV US","    8",",,N",,,,,,,,,,
"US1WVKN0026","2020-05-20","38.349862","-81.751854","243.5","SOUTH CHARLESTON 2.5 W, WV US","  239",",,N",,,,,,,,,,
"US1WVKN0026","2020-05-21","38.349862","-81.751854","243.5","SOUTH CHARLESTON 2.5 W, WV US","  305",",,N",,,,,,,,,,
"US1WVKN0026","2020-05-22","38.349862","-81.751854","243.5","SOUTH CHARLESTON 2.5 W, WV US","  155",",,N",,,,,,,,,,
"US1WVKN0026","2020-05-23","38.349862","-81.751854","243.5","SOUTH CHARLESTON 2.5 W, WV US","  109",",,N",,,,,,,,,,
"US1WVKN0026","2020-05-28","38.349862","-81.751854","243.5","SOUTH CHARLESTON 2.5 W, WV US","  333",",,N",,,,,,,,,,
"US1WVKN0026","2020-05-29","38.349862","-81.751854","243.5","SOUTH CHARLESTON 2.5 W, WV US","  160",",,N",,,,,,,,,,
"US1WVKN0026","2020-06-05","38.349862","-81.751854","243.5","SOUTH CHARLESTON 2.5 W, WV US","  305",",,N",,,,,,,,,,
"US1WVKN0026","2020-06-06","38.349862","-81.751854","243.5","SOUTH CHARLESTON 2.5 W, WV US","   51",",,N",,,,,,,,,,
"US1WVKN0026","2020-06-11","38.349862","-81.751854","243.5","SOUTH CHARLESTON 2.5 W, WV US","   61",",,N",,,,,,,,,,
"US1WVKN0026","2020-06-15","38.349862","-81.751854","243.5","SOUTH CHARLESTON 2.5 W, WV US","   56",",,N",,,,,,,,,,
"US1WVKN0026","2020-06-18","38.349862","-81.751854","243.5","SOUTH CHARLESTON 2.5 W, WV US","   53",",,N",,,,,,,,,,
"US1WVKN0026","2020-06-19","38.349862","-81.751854","243.5","SOUTH CHARLESTON 2.5 W, WV US","  175",",,N",,,,,,,,,,
"US1WVKN0026","2020-06-24","38.349862","-81.751854","243.5","SOUTH CHARLESTON 2.5 W, WV US","  307",",,N",,,,,,,,,,
"US1WVKN0026","2020-06-28","38.349862","-81.751854","243.5","SOUTH CHARLESTON 2.5 W, WV US","    5",",,N",,,,,,,,,,
"US1WVKN0026","2020-06-29","38.349862","-81.751854","243.5","SOUTH CHARLESTON 2.5 W, WV US","   48",",,N",,,,,,,,,,
"US1WVKN0026","2020-06-30","38.349862","-81.751854","243.5","SOUTH CHARLESTON 2.5 W, WV US","   18",",,N",,,,,,,,,,
"US1WVKN0026","2020-07-08","38.349862","-81.751854","243.5","SOUTH CHARLESTON 2.5 W, WV US","  241",",,N",,,,,,,,,,
"US1WVKN0026","2020-07-13","38.349862","-81.751854","243.5","SOUTH CHARLESTON 2.5 W, WV US","   76",",,N",,,,,,,,,,
"US1WVKN0026","2020-07-21","38.349862","-81.751854","243.5","SOUTH CHARLESTON 2.5 W, WV US","    3",",,N",,,,,,,,,,
"US1WVKN0026","2020-07-23","38.349862","-81.751854","243.5","SOUTH CHARLESTON 2.5 W, WV US","   41",",,N",,,,,,,,,,
"US1WVKN0026","2020-07-24","38.349862","-81.751854","243.5","SOUTH CHARLESTON 2.5 W, WV US","  333",",,N",,,,,,,,,,
"US1WVKN0026","2020-07-26","38.349862","-81.751854","243.5","SOUTH CHARLESTON 2.5 W, WV US","   41",",,N",,,,,,,,,,
"US1WVKN0026","2020-07-28","38.349862","-81.751854","243.5","SOUTH CHARLESTON 2.5 W, WV US","  236",",,N",,,,,,,,,,
"US1WVKN0026","2020-07-29","38.349862","-81.751854","243.5","SOUTH CHARLESTON 2.5 W, WV US","    3",",,N",,,,,,,,,,
"US1WVKN0026","2020-07-30","38.349862","-81.751854","243.5","SOUTH CHARLESTON 2.5 W, WV US","    0",",,N","    0",",,N",,,,,,,,
"US1WVKN0026","2020-07-31","38.349862","-81.751854","243.5","SOUTH CHARLESTON 2.5 W, WV US","  396",",,N",,,,,,,,,,
"US1WVKN0026","2020-08-01","38.349862","-81.751854","243.5","SOUTH CHARLESTON 2.5 W, WV US","    8",",,N",,,,,,,,,,
"US1WVKN0026","2020-08-02","38.349862","-81.751854","243.5","SOUTH CHARLESTON 2.5 W, WV US","   51",",,N",,,,,,,,,,
"US1WVKN0026","2020-08-15","38.349862","-81.751854","243.5","SOUTH CHARLESTON 2.5 W, WV US","  124",",,N",,,,,,,,,,
"US1WVKN0026","2020-08-16","38.349862","-81.751854","243.5","SOUTH CHARLESTON 2.5 W, WV US","   48",",,N",,,,,,,,,,
"US1WVKN0026","2020-08-17","38.349862","-81.751854","243.5","SOUTH CHARLESTON 2.5 W, WV US","    8",",,N",,,,,,,,,,
"US1WVKN0026","2020-08-19","38.349862","-81.751854","243.5","SOUTH CHARLESTON 2.5 W, WV US","   71",",,N",,,,,,,,,,
"US1WVKN0026","2020-08-26","38.349862","-81.751854","243.5","SOUTH CHARLESTON 2.5 W, WV US","   56",",,N",,,,,,,,,,
"US1WVKN0026","2020-08-29","38.349862","-81.751854","243.5","SOUTH CHARLESTON 2.5 W, WV US","  244",",,N",,,,,,,,,,
"US1WVKN0026","2020-08-31","38.349862","-81.751854","243.5","SOUTH CHARLESTON 2.5 W, WV US","  104",",,N",,,,,,,,,,
"US1WVKN0026","2020-09-01","38.349862","-81.751854","243.5","SOUTH CHARLESTON 2.5 W, WV US","   48",",,N",,,,,,,,,,
"US1WVKN0026","2020-09-03","38.349862","-81.751854","243.5","SOUTH CHARLESTON 2.5 W, WV US","  168",",,N",,,,,,,,,,
"US1WVKN0026","2020-09-04","38.349862","-81.751854","243.5","SOUTH CHARLESTON 2.5 W, WV US","   36",",,N",,,,,,,,,,
"US1WVKN0026","2020-09-14","38.349862","-81.751854","243.5","SOUTH CHARLESTON 2.5 W, WV US","   53",",,N",,,,,,,,,,
"US1WVKN0026","2020-09-29","38.349862","-81.751854","243.5","SOUTH CHARLESTON 2.5 W, WV US","   89",",,N",,,,,,,,,,
"US1WVKN0026","2020-10-05","38.349862","-81.751854","243.5","SOUTH CHARLESTON 2.5 W, WV US","   61",",,N",,,,,,,,,,
"US1WVKN0026","2020-10-12","38.349862","-81.751854","243.5","SOUTH CHARLESTON 2.5 W, WV US","  124",",,N",,,,,,,,,,
"US1WVKN0026","2020-10-16","38.349862","-81.751854","243.5","SOUTH CHARLESTON 2.5 W, WV US","   41",",,N",,,,,,,,,,
"US1WVKN0026","2020-10-24","38.349862","-81.751854","243.5","SOUTH CHARLESTON 2.5 W, WV US","   64",",,N",,,,,,,,,,
"US1WVKN0026","2020-10-25","38.349862","-81.751854","243.5","SOUTH CHARLESTON 2.5 W, WV US","   30",",,N",,,,,,,,,,
"US1WVKN0026","2020-10-29","38.349862","-81.751854","243.5","SOUTH CHARLESTON 2.5 W, WV US","  292",",,N",,,,,,,,,,
"US1WVKN0026","2020-11-11","38.349862","-81.751854","243.5","SOUTH CHARLESTON 2.5 W, WV US","   58",",,N",,,,,,,,,,
"US1WVKN0026","2020-11-12","38.349862","-81.751854","243.5","SOUTH CHARLESTON 2.5 W, WV US","  424",",,N",,,,,,,,,,
"US1WVKN0026","2020-11-13","38.349862","-81.751854","243.5","SOUTH CHARLESTON 2.5 W, WV US","    3",",,N",,,,,,,,,,
"US1WVKN0026","2020-11-22","38.349862","-81.751854","243.5","SOUTH CHARLESTON 2.5 W, WV US","    8",",,N",,,,,,,,,,
"US1WVKN0026","2020-11-30","38.349862","-81.751854","243.5","SOUTH CHARLESTON 2.5 W, WV US","   41",",,N",,,,,,,,,,
"US1WVKN0026","2020-12-05","38.349862","-81.751854","243.5","SOUTH CHARLESTON 2.5 W, WV US","  124",",,N",,,,,,,,,,
"US1WVKN0026","2020-12-14","38.349862","-81.751854","243.5","SOUTH CHARLESTON 2.5 W, WV US","  302",",,N",,,,,,,,,,
"US1WVKN0026","2020-12-17","38.349862","-81.751854","243.5","SOUTH CHARLESTON 2.5 W, WV US","  124",",,N",,,,,,,,,,
"US1WVKN0026","2020-12-22","38.349862","-81.751854","243.5","SOUTH CHARLESTON 2.5 W, WV US","   48",",,N",,,,,,,,,,
"US1WVKN0026","2020-12-24","38.349862","-81.751854","243.5","SOUTH CHARLESTON 2.5 W, WV US","   46",",,N",,,,,,,,,,
"US1WVKN0026","2020-12-31","38.349862","-81.751854","243.5","SOUTH CHARLESTON 2.5 W, WV US","   79",",,N",,,,,,,,,,
"US1WVKN0026","2021-01-01","38.349862","-81.751854","243.5","SOUTH CHARLESTON 2.5 W, WV US","   99",",,N",,,,,,,,,,
"US1WVKN0026","2021-01-02","38.349862","-81.751854","243.5","SOUTH CHARLESTON 2.5 W, WV US","   64",",,N",,,,,,,,,,
"US1WVKN0026","2021-01-03","38.349862","-81.751854","243.5","SOUTH CHARLESTON 2.5 W, WV US","   28",",,N",,,,,,,,,,
"US1WVKN0026","2021-01-04","38.349862","-81.751854","243.5","SOUTH CHARLESTON 2.5 W, WV US","   15",",,N",,,,,,,,,,
"US1WVKN0026","2021-01-06","38.349862","-81.751854","243.5","SOUTH CHARLESTON 2.5 W, WV US","   18",",,N",,,,,,,,,,
"US1WVKN0026","2021-01-16","38.349862","-81.751854","243.5","SOUTH CHARLESTON 2.5 W, WV US","  114",",,N",,,,,,,,,,
"US1WVKN0026","2021-01-19","38.349862","-81.751854","243.5","SOUTH CHARLESTON 2.5 W, WV US","   38",",,N",,,,,,,,,,
"US1WVKN0026","2021-01-25","38.349862","-81.751854","243.5","SOUTH CHARLESTON 2.5 W, WV US","   46",",,N",,,,,,,,,,
"US1WVKN0026","2021-01-26","38.349862","-81.751854","243.5","SOUTH CHARLESTON 2.5 W, WV US","  297",",,N",,,,,,,,,,
"US1WVKN0026","2021-01-31","38.349862","-81.751854","243.5","SOUTH CHARLESTON 2.5 W, WV US","   64",",,N",,,,,,,,,,
"US1WVKN0026","2021-02-11","38.349862","-81.751854","243.5","SOUTH CHARLESTON 2.5 W, WV US","  173",",,N",,,,,,,,,,
"US1WVKN0026","2021-02-27","38.349862","-81.751854","243.5","SOUTH CHARLESTON 2.5 W, WV US","   89",",,N",,,,,,,,,,
"US1WVKN0026","2021-02-28","38.349862","-81.751854","243.5","SOUTH CHARLESTON 2.5 W, WV US","  168",",,N",,,,,,,,,,
"US1WVKN0026","2021-03-01","38.349862","-81.751854","243.5","SOUTH CHARLESTON 2.5 W, WV US","  676",",,N",,,,,,,,,,
"US1WVKN0026","2021-03-02","38.349862","-81.751854","243.5","SOUTH CHARLESTON 2.5 W, WV US","   30",",,N",,,,,,,,,,
"US1WVKN0026","2021-03-12","38.349862","-81.751854","243.5","SOUTH CHARLESTON 2.5 W, WV US","   10",",,N",,,,,,,,,,
"US1WVKN0026","2021-03-16","38.349862","-81.751854","243.5","SOUTH CHARLESTON 2.5 W, WV US","   28",",,N",,,,,,,,,,
"US1WVKN0026","2021-03-18","38.349862","-81.751854","243.5","SOUTH CHARLESTON 2.5 W, WV US","   48",",,N",,,,,,,,,,
"US1WVKN0026","2021-03-19","38.349862","-81.751854","243.5","SOUTH CHARLESTON 2.5 W, WV US","  180",",,N",,,,,,,,,,
"US1WVKN0026","2021-03-26","38.349862","-81.751854","243.5","SOUTH CHARLESTON 2.5 W, WV US","   61",",,N",,,,,,,,,,
"US1WVKN0026","2021-03-28","38.349862","-81.751854","243.5","SOUTH CHARLESTON 2.5 W, WV US","  117",",,N",,,,,,,,,,
"US1WVKN0026","2021-03-29","38.349862","-81.751854","243.5","SOUTH CHARLESTON 2.5 W, WV US","   84",",,N",,,,,,,,,,
"US1WVKN0026","2021-03-31","38.349862","-81.751854","243.5","SOUTH CHARLESTON 2.5 W, WV US","   86",",,N",,,,,,,,,,
"US1WVKN0026","2021-04-01","38.349862","-81.751854","243.5","SOUTH CHARLESTON 2.5 W, WV US","  130",",,N",,,,,,,,,,
"US1WVKN0026","2021-04-09","38.349862","-81.751854","243.5","SOUTH CHARLESTON 2.5 W, WV US","   56",",,N",,,,,,,,,,
"US1WVKN0026","2021-04-15","38.349862","-81.751854","243.5","SOUTH CHARLESTON 2.5 W, WV US","   94",",,N",,,,,,,,,,
"US1WVKN0026","2021-04-21","38.349862","-81.751854","243.5","SOUTH CHARLESTON 2.5 W, WV US","   23",",,N",,,,,,,,,,
"US1WVKN0026","2021-04-29","38.349862","-81.751854","243.5","SOUTH CHARLESTON 2.5 W, WV US","  157",",,N",,,,,,,,,,
"US1WVKN0026","2021-05-04","38.349862","-81.751854","243.5","SOUTH CHARLESTON 2.5 W, WV US","  155",",,N",,,,,,,,,,
"US1WVKN0026","2021-05-05","38.349862","-81.751854","243.5","SOUTH CHARLESTON 2.5 W, WV US","  137",",,N",,,,,,,,,,
"US1WVKN0026","2021-05-07","38.349862","-81.751854","243.5","SOUTH CHARLESTON 2.5 W, WV US","   61",",,N",,,,,,,,,,
"US1WVKN0026","2021-05-18","38.349862","-81.751854","243.5","SOUTH CHARLESTON 2.5 W, WV US","   30",",,N",,,,,,,,,,
"US1WVKN0026","2021-05-29","38.349862","-81.751854","243.5","SOUTH CHARLESTON 2.5 W, WV US","  384",",,N",,,,,,,,,,
"US1WVKN0026","2021-05-31","38.349862","-81.751854","243.5","SOUTH CHARLESTON 2.5 W, WV US","   15",",,N",,,,,,,,,,
"US1WVKN0026","2021-06-04","38.349862","-81.751854","243.5","SOUTH CHARLESTON 2.5 W, WV US","  381",",,N",,,,,,,,,,
"US1WVKN0026","2021-06-10","38.349862","-81.751854","243.5","SOUTH CHARLESTON 2.5 W, WV US","  142",",,N",,,,,,,,,,
"US1WVKN0026","2021-06-11","38.349862","-81.751854","243.5","SOUTH CHARLESTON 2.5 W, WV US","  384",",,N",,,,,,,,,,
"US1WVKN0026","2021-06-14","38.349862","-81.751854","243.5","SOUTH CHARLESTON 2.5 W, WV US","    3",",,N",,,,,,,,,,
"US1WVKN0026","2021-06-22","38.349862","-81.751854","243.5","SOUTH CHARLESTON 2.5 W, WV US","  150",",,N",,,,,,,,,,
"US1WVKN0026","2021-06-23","38.349862","-81.751854","243.5","SOUTH CHARLESTON 2.5 W, WV US","    8",",,N",,,,,,,,,,
"US1WVKN0026","2021-07-01","38.349862","-81.751854","243.5","SOUTH CHARLESTON 2.5 W, WV US","  191",",,N",,,,,,,,,,
"US1WVKN0026","2021-07-02","38.349862","-81.751854","243.5","SOUTH CHARLESTON 2.5 W, WV US","  305",",,N",,,,,,,,,,
"US1WVKN0026","2021-07-08","38.349862","-81.751854","243.5","SOUTH CHARLESTON 2.5 W, WV US","   97",",,N",,,,,,,,,,
"US1WVKN0026","2021-07-13","38.349862","-81.751854","243.5","SOUTH CHARLESTON 2.5 W, WV US","   61",",,N",,,,,,,,,,
"US1WVKN0026","2021-07-18","38.349862","-81.751854","243.5","SOUTH CHARLESTON 2.5 W, WV US","  112",",,N",,,,,,,,,,
"US1WVKN0026","2021-08-01","38.349862","-81.751854","243.5","SOUTH CHARLESTON 2.5 W, WV US","    5",",,N",,,,,,,,,,
"US1WVKN0026","2021-08-03","38.349862","-81.751854","243.5","SOUTH CHARLESTON 2.5 W, WV US","    5",",,N",,,,,,,,,,
"US1WVKN0026","2021-08-04","38.349862","-81.751854","243.5","SOUTH CHARLESTON 2.5 W, WV US","   43",",,N",,,,,,,,,,
"US1WVKN0026","2021-08-05","38.349862","-81.751854","243.5","SOUTH CHARLESTON 2.5 W, WV US","   15",",,N",,,,,,,,,,
"US1WVKN0026","2021-08-10","38.349862","-81.751854","243.5","SOUTH CHARLESTON 2.5 W, WV US","   58",",,N",,,,,,,,,,
"US1WVKN0026","2021-08-11","38.349862","-81.751854","243.5","SOUTH CHARLESTON 2.5 W, WV US","   13",",,N",,,,,,,,,,
"US1WVKN0026","2021-08-12","38.349862","-81.751854","243.5","SOUTH CHARLESTON 2.5 W, WV US","   43",",,N",,,,,,,,,,
"US1WVKN0026","2021-08-14","38.349862","-81.751854","243.5","SOUTH CHARLESTON 2.5 W, WV US","  155",",,N",,,,,,,,,,
"US1WVKN0026","2021-08-15","38.349862","-81.751854","243.5","SOUTH CHARLESTON 2.5 W, WV US","   13",",,N",,,,,,,,,,
"US1WVKN0026","2021-08-16","38.349862","-81.751854","243.5","SOUTH CHARLESTON 2.5 W, WV US","  521",",,N",,,,,,,,,,
"US1WVKN0026","2021-08-18","38.349862","-81.751854","243.5","SOUTH CHARLESTON 2.5 W, WV US","  427",",,N",,,,,,,,,,
"US1WVKN0026","2021-08-19","38.349862","-81.751854","243.5","SOUTH CHARLESTON 2.5 W, WV US","   36",",,N",,,,,,,,,,
"US1WVKN0026","2021-08-30","38.349862","-81.751854","243.5","SOUTH CHARLESTON 2.5 W, WV US","   58",",,N",,,,,,,,,,
"US1WVKN0026","2021-08-31","38.349862","-81.751854","243.5","SOUTH CHARLESTON 2.5 W, WV US","  244",",,N",,,,,,,,,,
"US1WVKN0026","2021-09-01","38.349862","-81.751854","243.5","SOUTH CHARLESTON 2.5 W, WV US","  140",",,N",,,,,,,,,,
"US1WVKN0026","2021-09-06","38.349862","-81.751854","243.5","SOUTH CHARLESTON 2.5 W, WV US","  135",",,N",,,,,,,,,,
"US1WVKN0026","2021-09-09","38.349862","-81.751854","243.5","SOUTH CHARLESTON 2.5 W, WV US","   48",",,N",,,,,,,,,,
"US1WVKN0026","2021-09-16","38.349862","-81.751854","243.5","SOUTH CHARLESTON 2.5 W, WV US","   25",",,N",,,,,,,,,,
"US1WVKN0026","2021-10-06","38.349862","-81.751854","243.5","SOUTH CHARLESTON 2.5 W, WV US","   61",",,N",,,,,,,,,,
"US1WVKN0026","2021-10-08","38.349862","-81.751854","243.5","SOUTH CHARLESTON 2.5 W, WV US","    3",",,N",,,,,,,,,,
"US1WVKN0026","2021-10-09","38.349862","-81.751854","243.5","SOUTH CHARLESTON 2.5 W, WV US","  485",",,N",,,,,,,,,,
"US1WVKN0026","2021-10-16","38.349862","-81.751854","243.5","SOUTH CHARLESTON 2.5 W, WV US","  170",",,N",,,,,,,,,,
"US1WVKN0026","2021-10-17","38.349862","-81.751854","243.5","SOUTH CHARLESTON 2.5 W, WV US","  112",",,N",,,,,,,,,,
"US1WVKN0026","2021-10-22","38.349862","-81.751854","243.5","SOUTH CHARLESTON 2.5 W, WV US","   64",",,N",,,,,,,,,,
"US1WVKN0026","2021-10-26","38.349862","-81.751854","243.5","SOUTH CHARLESTON 2.5 W, WV US","  117",",,N",,,,,,,,,,
"US1WVKN0026","2021-10-29","38.349862","-81.751854","243.5","SOUTH CHARLESTON 2.5 W, WV US","  135",",,N",,,,,,,,,,
"US1WVKN0026","2021-10-31","38.349862","-81.751854","243.5","SOUTH CHARLESTON 2.5 W, WV US","   56",",,N",,,,,,,,,,
"US1WVKN0026","2021-11-12","38.349862","-81.751854","243.5","SOUTH CHARLESTON 2.5 W, WV US","  130",",,N",,,,,,,,,,
"US1WVKN0026","2021-11-13","38.349862","-81.751854","243.5","SOUTH CHARLESTON 2.5 W, WV US","   64",",,N",,,,,,,,,,
"US1WVKN0026","2021-11-19","38.349862","-81.751854","243.5","SOUTH CHARLESTON 2.5 W, WV US","   69",",,N",,,,,,,,,,
"US1WVKN0026","2021-11-22","38.349862","-81.751854","243.5","SOUTH CHARLESTON 2.5 W, WV US","   66",",,N",,,,,,,,,,
"US1WVKN0026","2021-11-26","38.349862","-81.751854","243.5","SOUTH CHARLESTON 2.5 W, WV US","   58",",,N",,,,,,,,,,
"US1WVKN0026","2021-12-06","38.349862","-81.751854","243.5","SOUTH CHARLESTON 2.5 W, WV US","    5",",,N",,,,,,,,,,
"US1WVKN0026","2021-12-07","38.349862","-81.751854","243.5","SOUTH CHARLESTON 2.5 W, WV US","  127",",,N",,,,,,,,,,
"US1WVKN0026","2021-12-11","38.349862","-81.751854","243.5","SOUTH CHARLESTON 2.5 W, WV US","    3",",,N",,,,,,,,,,
"US1WVKN0026","2021-12-12","38.349862","-81.751854","243.5","SOUTH CHARLESTON 2.5 W, WV US","   86",",,N",,,,,,,,,,
"US1WVKN0026","2021-12-19","38.349862","-81.751854","243.5","SOUTH CHARLESTON 2.5 W, WV US","   69",",,N",,,,,,,,,,
"US1WVKN0026","2021-12-26","38.349862","-81.751854","243.5","SOUTH CHARLESTON 2.5 W, WV US","   69",",,N",,,,,,,,,,
"US1WVKN0026","2021-12-28","38.349862","-81.751854","243.5","SOUTH CHARLESTON 2.5 W, WV US","   79",",,N",,,,,,,,,,
"US1WVKN0026","2021-12-29","38.349862","-81.751854","243.5","SOUTH CHARLESTON 2.5 W, WV US","  135",",,N",,,,,,,,,,
"US1WVKN0026","2021-12-30","38.349862","-81.751854","243.5","SOUTH CHARLESTON 2.5 W, WV US","   13",",,N",,,,,,,,,,
"US1WVKN0026","2022-01-01","38.349862","-81.751854","243.5","SOUTH CHARLESTON 2.5 W, WV US","  117",",,N",,,,,,,,,,
"US1WVKN0026","2022-01-02","38.349862","-81.751854","243.5","SOUTH CHARLESTON 2.5 W, WV US","  465",",,N",,,,,,,,,,
"US1WVKN0026","2022-01-10","38.349862","-81.751854","243.5","SOUTH CHARLESTON 2.5 W, WV US","  267",",,N",,,,,,,,,,
"US1WVKN0026","2022-02-03","38.349862","-81.751854","243.5","SOUTH CHARLESTON 2.5 W, WV US","   74",",,N",,,,,,,,,,
"US1WVKN0026","2022-02-04","38.349862","-81.751854","243.5","SOUTH CHARLESTON 2.5 W, WV US","  389",",,N",,,,,,,,,,
"US1WVKN0026","2022-02-24","38.349862","-81.751854","243.5","SOUTH CHARLESTON 2.5 W, WV US","   28",",,N",,,,,,,,,,
"US1WVKN0026","2022-02-25","38.349862","-81.751854","243.5","SOUTH CHARLESTON 2.5 W, WV US","  353",",,N",,,,,,,,,,
"US1WVKN0026","2022-03-07","38.349862","-81.751854","243.5","SOUTH CHARLESTON 2.5 W, WV US","  328",",,N",,,,,,,,,,
"US1WVKN0026","2022-03-09","38.349862","-81.751854","243.5","SOUTH CHARLESTON 2.5 W, WV US","   86",",,N",,,,,,,,,,
"US1WVKN0026","2022-03-24","38.349862","-81.751854","243.5","SOUTH CHARLESTON 2.5 W, WV US","  163",",,N",,,,,,,,,,
"US1WVKN0026","2022-03-31","38.349862","-81.751854","243.5","SOUTH CHARLESTON 2.5 W, WV US","    8",",,N",,,,,,,,,,
"US1WVKN0026","2022-04-05","38.349862","-81.751854","243.5","SOUTH CHARLESTON 2.5 W, WV US","   66",",,N",,,,,,,,,,
"US1WVKN0026","2022-04-06","38.349862","-81.751854","243.5","SOUTH CHARLESTON 2.5 W, WV US","  137",",,N",,,,,,,,,,
"US1WVKN0026","2022-04-07","38.349862","-81.751854","243.5","SOUTH CHARLESTON 2.5 W, WV US","   53",",,N",,,,,,,,,,
"US1WVKN0026","2022-04-08","38.349862","-81.751854","243.5","SOUTH CHARLESTON 2.5 W, WV US","   13",",,N",,,,,,,,,,
"US1WVKN0026","2022-04-12","38.349862","-81.751854","243.5","SOUTH CHARLESTON 2.5 W, WV US","   15",",,N",,,,,,,,,,
"US1WVKN0026","2022-04-16","38.349862","-81.751854","243.5","SOUTH CHARLESTON 2.5 W, WV US","    8",",,N",,,,,,,,,,
"US1WVKN0026","2022-04-18","38.349862","-81.751854","243.5","SOUTH CHARLESTON 2.5 W, WV US","  140",",,N",,,,,,,,,,
"US1WVKN0026","2022-04-26","38.349862","-81.751854","243.5","SOUTH CHARLESTON 2.5 W, WV US","  114",",,N",,,,,,,,,,
"US1WVKN0026","2022-04-27","38.349862","-81.751854","243.5","SOUTH CHARLESTON 2.5 W, WV US","   76",",,N",,,,,,,,,,
"US1WVKN0026","2022-04-30","38.349862","-81.751854","243.5","SOUTH CHARLESTON 2.5 W, WV US","   13",",,N",,,,,,,,,,
"US1WVKN0026","2022-05-01","38.349862","-81.751854","243.5","SOUTH CHARLESTON 2.5 W, WV US","  251",",,N",,,,,,,,,,
"US1WVKN0026","2022-05-04","38.349862","-81.751854","243.5","SOUTH CHARLESTON 2.5 W, WV US","  163",",,N",,,,,,,,,,
"US1WVKN0026","2022-05-06","38.349862","-81.751854","243.5","SOUTH CHARLESTON 2.5 W, WV US","   79",",,N",,,,,,,,,,
"US1WVKN0026","2022-05-07","38.349862","-81.751854","243.5","SOUTH CHARLESTON 2.5 W, WV US","  607",",,N",,,,,,,,,,
"US1WVKN0026","2022-05-16","38.349862","-81.751854","243.5","SOUTH CHARLESTON 2.5 W, WV US","   61",",,N",,,,,,,,,,
"US1WVKN0026","2022-05-24","38.349862","-81.751854","243.5","SOUTH CHARLESTON 2.5 W, WV US","  155",",,N",,,,,,,,,,
"US1WVKN0026","2022-05-26","38.349862","-81.751854","243.5","SOUTH CHARLESTON 2.5 W, WV US","   20",",,N",,,,,,,,,,
"US1WVKN0026","2022-05-27","38.349862","-81.751854","243.5","SOUTH CHARLESTON 2.5 W, WV US","  239",",,N",,,,,,,,,,
"US1WVKN0026","2022-06-07","38.349862","-81.751854","243.5","SOUTH CHARLESTON 2.5 W, WV US","    3",",,N",,,,,,,,,,
"US1WVKN0026","2022-06-08","38.349862","-81.751854","243.5","SOUTH CHARLESTON 2.5 W, WV US","   51",",,N",,,,,,,,,,
"US1WVKN0026","2022-06-09","38.349862","-81.751854","243.5","SOUTH CHARLESTON 2.5 W, WV US","  102",",,N",,,,,,,,,,
"US1WVKN0026","2022-06-14","38.349862","-81.751854","243.5","SOUTH CHARLESTON 2.5 W, WV US","  302",",,N",,,,,,,,,,
"US1WVKN0026","2022-06-23","38.349862","-81.751854","243.5","SOUTH CHARLESTON 2.5 W, WV US","  180",",,N",,,,,,,,,,
"US1WVKN0026","2022-06-26","38.349862","-81.751854","243.5","SOUTH CHARLESTON 2.5 W, WV US","    8",",,N",,,,,,,,,,
"US1WVKN0026","2022-06-27","38.349862","-81.751854","243.5","SOUTH CHARLESTON 2.5 W, WV US","  348",",,N",,,,,,,,,,
"US1WVKN0026","2022-07-02","38.349862","-81.751854","243.5","SOUTH CHARLESTON 2.5 W, WV US","  137",",,N",,,,,,,,,,
"US1WVKN0026","2022-07-03","38.349862","-81.751854","243.5","SOUTH CHARLESTON 2.5 W, WV US","   74",",,N",,,,,,,,,,
"US1WVKN0026","2022-07-06","38.349862","-81.751854","243.5","SOUTH CHARLESTON 2.5 W, WV US","  206",",,N",,,,,,,,,,
"US1WVKN0026","2022-07-07","38.349862","-81.751854","243.5","SOUTH CHARLESTON 2.5 W, WV US","  180",",,N",,,,,,,,,,
"US1WVKN0026","2022-07-09","38.349862","-81.751854","243.5","SOUTH CHARLESTON 2.5 W, WV US","  325",",,N",,,,,,,,,,
"US1WVKN0026","2022-07-13","38.349862","-81.751854","243.5","SOUTH CHARLESTON 2.5 W, WV US","  361",",,N",,,,,,,,,,
"US1WVKN0026","2022-07-18","38.349862","-81.751854","243.5","SOUTH CHARLESTON 2.5 W, WV US","  218",",,N",,,,,,,,,,
"US1WVKN0026","2022-07-21","38.349862","-81.751854","243.5","SOUTH CHARLESTON 2.5 W, WV US","   10",",,N",,,,,,,,,,
"US1WVKN0026","2022-07-24","38.349862","-81.751854","243.5","SOUTH CHARLESTON 2.5 W, WV US","   10",",,N",,,,,,,,,,
"US1WVKN0026","2022-07-26","38.349862","-81.751854","243.5","SOUTH CHARLESTON 2.5 W, WV US","    3",",,N",,,,,,,,,,
"US1WVKN0026","2022-07-27","38.349862","-81.751854","243.5","SOUTH CHARLESTON 2.5 W, WV US","   56",",,N",,,,,,,,,,
"US1WVKN0026","2022-07-28","38.349862","-81.751854","243.5","SOUTH CHARLESTON 2.5 W, WV US","  292",",,N",,,,,,,,,,
"US1WVKN0026","2022-07-29","38.349862","-81.751854","243.5","SOUTH CHARLESTON 2.5 W, WV US","   46",",,N",,,,,,,,,,
"US1WVKN0026","2022-07-30","38.349862","-81.751854","243.5","SOUTH CHARLESTON 2.5 W, WV US","   56",",,N",,,,,,,,,,
"US1WVKN0026","2022-08-01","38.349862","-81.751854","243.5","SOUTH CHARLESTON 2.5 W, WV US","  409",",,N",,,,,,,,,,
"US1WVKN0026","2022-08-02","38.349862","-81.751854","243.5","SOUTH CHARLESTON 2.5 W, WV US","  124",",,N",,,,,,,,,,
"US1WVKN0026","2022-08-11","38.349862","-81.751854","243.5","SOUTH CHARLESTON 2.5 W, WV US","  168",",,N",,,,,,,,,,
"US1WVKN0026","2022-08-15","38.349862","-81.751854","243.5","SOUTH CHARLESTON 2.5 W, WV US","  498",",,N",,,,,,,,,,
"US1WVKN0026","2022-08-21","38.349862","-81.751854","243.5","SOUTH CHARLESTON 2.5 W, WV US","  218",",,N",,,,,,,,,,
"US1WVKN0026","2022-08-30","38.349862","-81.751854","243.5","SOUTH CHARLESTON 2.5 W, WV US","  183",",,N",,,,,,,,,,
"US1WVKN0026","2022-09-04","38.349862","-81.751854","243.5","SOUTH CHARLESTON 2.5 W, WV US","   10",",,N",,,,,,,,,,
"US1WVKN0026","2022-09-05","38.349862","-81.751854","243.5","SOUTH CHARLESTON 2.5 W, WV US","   58",",,N",,,,,,,,,,
"US1WVKN0026","2022-09-22","38.349862","-81.751854","243.5","SOUTH CHARLESTON 2.5 W, WV US","   53",",,N",,,,,,,,,,
"US1WVKN0026","2022-10-01","38.349862","-81.751854","243.5","SOUTH CHARLESTON 2.5 W, WV US","  124",",,N",,,,,,,,,,
"US1WVKN0026","2022-10-02","38.349862","-81.751854","243.5","SOUTH CHARLESTON 2.5 W, WV US","  168",",,N",,,,,,,,,,
"US1WVKN0026","2022-10-26","38.349862","-81.751854","243.5","SOUTH CHARLESTON 2.5 W, WV US","   18",",,N",,,,,,,,,,
"US1WVKN0026","2022-11-11","38.349862","-81.751854","243.5","SOUTH CHARLESTON 2.5 W, WV US","   43",",,N",,,,,,,,,,
"US1WVKN0026","2022-11-12","38.349862","-81.751854","243.5","SOUTH CHARLESTON 2.5 W, WV US","  373",",,N",,,,,,,,,,
"US1WVKN0026","2022-11-25","38.349862","-81.751854","243.5","SOUTH CHARLESTON 2.5 W, WV US","    5",",,N",,,,,,,,,,
"US1WVKN0026","2022-11-27","38.349862","-81.751854","243.5","SOUTH CHARLESTON 2.5 W, WV US","   36",",,N",,,,,,,,,,
"US1WVKN0026","2022-11-30","38.349862","-81.751854","243.5","SOUTH CHARLESTON 2.5 W, WV US","   81",",,N",,,,,,,,,,
"US1WVKN0026","2022-12-03","38.349862","-81.751854","243.5","SOUTH CHARLESTON 2.5 W, WV US","   41",",,N",,,,,,,,,,
"US1WVKN0026","2022-12-06","38.349862","-81.751854","243.5","SOUTH CHARLESTON 2.5 W, WV US","    5",",,N",,,,,,,,,,
"US1WVKN0026","2022-12-07","38.349862","-81.751854","243.5","SOUTH CHARLESTON 2.5 W, WV US","   89",",,N",,,,,,,,,,
"US1WVKN0026","2022-12-09","38.349862","-81.751854","243.5","SOUTH CHARLESTON 2.5 W, WV US","   36",",,N",,,,,,,,,,
"US1WVKN0026","2022-12-10","38.349862","-81.751854","243.5","SOUTH CHARLESTON 2.5 W, WV US","   18",",,N",,,,,,,,,,
"US1WVKN0026","2023-01-01","38.349862","-81.751854","243.5","SOUTH CHARLESTON 2.5 W, WV US","   30",",,N",,,,,,,,,,
"US1WVKN0026","2023-01-04","38.349862","-81.751854","243.5","SOUTH CHARLESTON 2.5 W, WV US","  104",",,N",,,,,,,,,,
"US1WVKN0026","2023-01-05","38.349862","-81.751854","243.5","SOUTH CHARLESTON 2.5 W, WV US","   10",",,N",,,,,,,,,,
"US1WVKN0026","2023-01-12","38.349862","-81.751854","243.5","SOUTH CHARLESTON 2.5 W, WV US","   84",",,N",,,,,,,,,,
"US1WVKN0026","2023-01-23","38.349862","-81.751854","243.5","SOUTH CHARLESTON 2.5 W, WV US","   84",",,N",,,,,,,,,,
"US1WVKN0026","2023-01-25","38.349862","-81.751854","243.5","SOUTH CHARLESTON 2.5 W, WV US","   84",",,N",,,,,,,,,,
"US1WVKN0026","2023-03-02","38.349862","-81.751854","243.5","SOUTH CHARLESTON 2.5 W, WV US","   61",",,N",,,,,,,,,,
"US1WVKN0026","2023-03-03","38.349862","-81.751854","243.5","SOUTH CHARLESTON 2.5 W, WV US","   41",",,N",,,,,,,,,,
"US1WVKN0026","2023-03-04","38.349862","-81.751854","243.5","SOUTH CHARLESTON 2.5 W, WV US","   71",",,N",,,,,,,,,,
"US1WVKN0026","2023-03-10","38.349862","-81.751854","243.5","SOUTH CHARLESTON 2.5 W, WV US","   58",",,N",,,,,,,,,,
"US1WVKN0026","2023-03-24","38.349862","-81.751854","243.5","SOUTH CHARLESTON 2.5 W, WV US","   61",",,N",,,,,,,,,,
"US1WVKN0026","2023-03-25","38.349862","-81.751854","243.5","SOUTH CHARLESTON 2.5 W, WV US","  244",",,N",,,,,,,,,,
"US1WVKN0026","2023-04-01","38.349862","-81.751854","243.5","SOUTH CHARLESTON 2.5 W, WV US","  460",",,N",,,,,,,,,,
"US1WVKN0026","2023-04-22","38.349862","-81.751854","243.5","SOUTH CHARLESTON 2.5 W, WV US","   74",",,N",,,,,,,,,,
"US1WVKN0026","2023-04-28","38.349862","-81.751854","243.5","SOUTH CHARLESTON 2.5 W, WV US","  124",",,N",,,,,,,,,,
"US1WVKN0026","2023-04-29","38.349862","-81.751854","243.5","SOUTH CHARLESTON 2.5 W, WV US","   51",",,N",,,,,,,,,,
"US1WVKN0026","2023-05-01","38.349862","-81.751854","243.5","SOUTH CHARLESTON 2.5 W, WV US","   51",",,N",,,,,,,,,,
"US1WVKN0026","2023-05-08","38.349862","-81.751854","243.5","SOUTH CHARLESTON 2.5 W, WV US","  109",",,N",,,,,,,,,,
"US1WVKN0026","2023-05-13","38.349862","-81.751854","243.5","SOUTH CHARLESTON 2.5 W, WV US","   97",",,N",,,,,,,,,,
"US1WVKN0026","2023-05-17","38.349862","-81.751854","243.5","SOUTH CHARLESTON 2.5 W, WV US","  180",",,N",,,,,,,,,,
"US1WVKN0026","2023-05-29","38.349862","-81.751854","243.5","SOUTH CHARLESTON 2.5 W, WV US","  254",",,N",,,,,,,,,,
"US1WVKN0026","2023-06-04","38.349862","-81.751854","243.5","SOUTH CHARLESTON 2.5 W, WV US","   18",",,N",,,,,,,,,,
"US1WVKN0026","2023-06-20","38.349862","-81.751854","243.5","SOUTH CHARLESTON 2.5 W, WV US","   15",",,N",,,,,,,,,,
"US1WVKN0026","2023-06-22","38.349862","-81.751854","243.5","SOUTH CHARLESTON 2.5 W, WV US","   10",",,N",,,,,,,,,,
"US1WVKN0026","2023-06-25","38.349862","-81.751854","243.5","SOUTH CHARLESTON 2.5 W, WV US","  150",",,N",,,,,,,,,,
"US1WVKN0026","2023-06-27","38.349862","-81.751854","243.5","SOUTH CHARLESTON 2.5 W, WV US","   15",",,N",,,,,,,,,,
"US1WVKN0026","2023-07-03","38.349862","-81.751854","243.5","SOUTH CHARLESTON 2.5 W, WV US","   64",",,N",,,,,,,,,,
"US1WVKN0026","2023-07-09","38.349862","-81.751854","243.5","SOUTH CHARLESTON 2.5 W, WV US","   86",",,N",,,,,,,,,,
"US1WVKN0026","2023-07-10","38.349862","-81.751854","243.5","SOUTH CHARLESTON 2.5 W, WV US","   86",",,N",,,,,,,,,,
"US1WVKN0026","2023-07-14","38.349862","-81.751854","243.5","SOUTH CHARLESTON 2.5 W, WV US","  353",",,N",,,,,,,,,,
"US1WVKN0026","2023-07-15","38.349862","-81.751854","243.5","SOUTH CHARLESTON 2.5 W, WV US","    3",",,N",,,,,,,,,,
"US1WVKN0026","2023-07-16","38.349862","-81.751854","243.5","SOUTH CHARLESTON 2.5 W, WV US","  193",",,N",,,,,,,,,,
"US1WVKN0026","2023-07-18","38.349862","-81.751854","243.5","SOUTH CHARLESTON 2.5 W, WV US","  239",",,N",,,,,,,,,,
"US1WVKN0026","2023-07-19","38.349862","-81.751854","243.5","SOUTH CHARLESTON 2.5 W, WV US","  119",",,N",,,,,,,,,,
"US1WVKN0026","2023-07-28","38.349862","-81.751854","243.5","SOUTH CHARLESTON 2.5 W, WV US","  508",",,N",,,,,,,,,,
"US1WVKN0026","2023-07-29","38.349862","-81.751854","243.5","SOUTH CHARLESTON 2.5 W, WV US","  130",",,N",,,,,,,,,,
"US1WVKN0026","2023-08-03","38.349862","-81.751854","243.5","SOUTH CHARLESTON 2.5 W, WV US","   36",",,N",,,,,,,,,,
"US1WVKN0026","2023-08-07","38.349862","-81.751854","243.5","SOUTH CHARLESTON 2.5 W, WV US","  163",",,N",,,,,,,,,,
"US1WVKN0026","2023-08-08","38.349862","-81.751854","243.5","SOUTH CHARLESTON 2.5 W, WV US","  188",",,N",,,,,,,,,,
"US1WVKN0026","2023-08-10","38.349862","-81.751854","243.5","SOUTH CHARLESTON 2.5 W, WV US","   56",",,N",,,,,,,,,,
"US1WVKN0026","2023-08-26","38.349862","-81.751854","243.5","SOUTH CHARLESTON 2.5 W, WV US","  406",",,N",,,,,,,,,,
"US1WVKN0026","2023-08-28","38.349862","-81.751854","243.5","SOUTH CHARLESTON 2.5 W, WV US","   36",",,N",,,,,,,,,,
"US1WVKN0026","2023-09-17","38.349862","-81.751854","243.5","SOUTH CHARLESTON 2.5 W, WV US","  290",",,N",,,,,,,,,,
"US1WVKN0026","2023-10-06","38.349862","-81.751854","243.5","SOUTH CHARLESTON 2.5 W, WV US","   30",",,N",,,,,,,,,,
"US1WVKN0026","2023-10-07","38.349862","-81.751854","243.5","SOUTH CHARLESTON 2.5 W, WV US","   20",",,N",,,,,,,,,,
"US1WVKN0026","2023-10-14","38.349862","-81.751854","243.5","SOUTH CHARLESTON 2.5 W, WV US","   28",",,N",,,,,,,,,,
"US1WVKN0026","2023-10-15","38.349862","-81.751854","243.5","SOUTH CHARLESTON 2.5 W, WV US","   69",",,N",,,,,,,,,,
"US1WVKN0026","2023-10-16","38.349862","-81.751854","243.5","SOUTH CHARLESTON 2.5 W, WV US","    8",",,N",,,,,,,,,,
"US1WVKN0026","2023-10-20","38.349862","-81.751854","243.5","SOUTH CHARLESTON 2.5 W, WV US","   86",",,N",,,,,,,,,,
"US1WVKN0026","2023-10-30","38.349862","-81.751854","243.5","SOUTH CHARLESTON 2.5 W, WV US","   38",",,N",,,,,,,,,,
"US1WVKN0026","2023-11-10","38.349862","-81.751854","243.5","SOUTH CHARLESTON 2.5 W, WV US","   66",",,N",,,,,,,,,,
